t,x,y,vx,vy,theta,thr,wind_vx,wind_vy,r
0,56.481734934051595,975.8853082899465,41.64360103411579,-3.0531840614808026,-0.09171754241831949,0.5,0.0,0.0,-0.8099525827581149
1,60.634728741802526,975.6263194077939,41.41627512090283,-2.126593581572124,0.0827824575816805,1.0,0.0,0.0,-0.37234902734061837
2,64.76211052280392,975.4488267614342,41.13136049912523,-1.423259345620275,0.0827824575816805,0.0,0.0,0.0,-0.03812196009593177
3,68.86255439468363,975.3332723830518,40.877516938468965,-0.887828222027511,0.0827824575816805,0.0,0.0,0.0,-0.21935365581016492
4,72.94373441425816,975.2652698195667,40.74608345302163,-0.47222304767451895,0.0827824575816805,1.0,0.0,0.0,-0.421936000064163
5,77.0149904292049,975.1608774715295,40.6790368459132,-1.6156239130700212,-0.09171754241831949,0.0,0.0,0.0,-0.1401771969656633
6,81.07008171481671,975.0265859833247,40.42278886632287,-1.0702058510263766,0.0827824575816805,0.0,0.0,0.0,-0.1243493945932235
7,85.10071237354632,974.9403688715608,40.189824308269216,-0.6541363842518975,0.0827824575816805,0.0,0.0,0.0,-0.3282678170571895
8,89.11911765566376,974.819693099944,40.17828133407954,-1.7593790480869058,-0.09171754241831949,0.5,0.0,0.0,-0.22145733495539138
9,93.12662437821068,974.6710450134226,39.971853116858895,-1.213582682340008,0.0827824575816805,0.5,0.0,0.0,-0.04672570005193173
10,97.11711949827277,974.5709318978521,39.83804928438292,-0.788679629070582,0.0827824575816805,1.0,0.0,0.0,-0.2578870328663802
11,101.09008555932326,974.508171866235,39.621271936626776,-0.46652100327175544,0.0827824575816805,0.0,0.0,0.0,-0.4183439514184578
12,105.04702413980452,974.4741457993853,39.51749967299849,-0.21400033372372118,0.0827824575816805,1.0,0.0,0.0,-0.5455816358689731
13,108.994061110856,974.4625426278393,39.42323974803098,-0.01806309719646959,0.0827824575816805,1.0,0.0,0.0,-0.6448023053281172
14,112.91681063106847,974.5027546022131,39.03175065621859,0.8223025846736944,0.1745,1.0,0.0,0.0,-1.075367299050363
15,116.81998092566559,974.5511512867375,39.031655235723655,0.14563110581310523,0.0,0.5,0.0,0.0,-0.7288188423062423
16,120.72296396589334,974.5385976308758,39.028005568831524,-0.3967042230488568,0.0,0.5,0.0,0.0,-0.4509893172399074
17,124.62289223765299,974.4771976345704,38.97055986636157,-0.8312957030585433,0.0,0.0,0.0,0.0,-0.22775598588669488
18,128.521901018618,974.3765864189438,39.00961575293856,-1.1809286094737026,0.0,1.0,0.0,0.0,-0.04906666583032529
19,132.39526519881022,974.308946077958,38.457667850905814,-0.17187821024295014,0.1745,0.0,0.0,0.0,-0.5649915635976722
20,136.2197221475723,974.3304328032457,38.03147112433575,0.6016127159968705,0.1745,0.5,0.0,0.0,-0.9708249463780458
21,140.02044677467802,974.3579205007209,37.983021417778744,-0.05185876649370613,0.0,0.0,0.0,0.0,-0.6272707861006187
22,143.8008308901469,974.3886035772716,37.624660891598566,0.6655202975077449,0.1745,1.0,0.0,0.0,-1.0084120017171325
23,147.5429209228695,974.4819891391452,37.21713976285376,1.202190939962994,0.1745,0.0,0.0,0.0,-1.3006427464911292
24,151.25109411033722,974.6233560486072,36.94632398650036,1.6251472492778278,0.1745,1.0,0.0,0.0,-1.5341697393662859
25,154.9436018409625,974.7425028882268,36.90383062600502,0.757789543114264,0.0,0.0,0.0,0.0,-1.0657892327293372
26,158.63674179081087,974.7830190029313,36.95896837096247,0.05253275097525234,0.0,1.0,0.0,0.0,-0.6836996346988
27,162.3302077588767,974.7596909759447,36.91035099035396,-0.5190932907055658,0.0,0.0,0.0,0.0,-0.3740837679388791
28,166.0211191910186,974.6845225242515,36.90787765248459,-0.9842757431597567,0.0,0.5,0.0,0.0,-0.12212595607450333
29,169.69252932802652,974.6257650209975,36.520325087673726,-0.19087432192067488,0.1745,1.0,0.0,0.0,-0.550880364968704
30,173.32797026341115,974.6374608778018,36.18849362001883,0.42479145800752305,0.1745,1.0,0.0,0.0,-0.89025308487077
31,176.9323135690212,974.7038584007668,35.89837249218226,0.9031590012914231,0.1745,1.0,0.0,0.0,-1.1586912270222518
32,180.50430744352795,974.8118624934319,35.54150499795281,1.256922852011024,0.1745,0.0,0.0,0.0,-1.36277720186646
33,184.06146136834025,974.896531417489,35.601573498293426,0.4364556291299492,0.0,1.0,0.0,0.0,-0.9010852792305797
34,187.62446661136707,974.9066247588183,35.65853136224291,-0.23458880254235492,0.0,1.0,0.0,0.0,-0.5244207556820248
35,191.18796641642157,974.8557603208234,35.611464738847175,-0.7826999573561448,0.0,0.0,0.0,0.0,-0.21653166274418226
36,194.7318950985943,974.8096252241075,35.26710890460735,-0.14000197696148464,0.1745,1.0,0.0,0.0,-0.5766908042790121
37,198.241125127735,974.820264189892,34.91749167820646,0.352781292649234,0.1745,0.5,0.0,0.0,-0.8582289949632694
38,201.71955949032497,974.8749715406832,34.65119557359287,0.7413657231739854,0.1745,1.0,0.0,0.0,-1.084120501984779
39,205.1852070955046,974.9119507310603,34.66175652999965,-0.0017819156318497065,0.0,0.5,0.0,0.0,-0.6553570605301897
40,208.65422976557747,974.8811763000973,34.71869687145735,-0.6137067036273653,0.0,1.0,0.0,0.0,-0.30294702087233816
41,212.10547053768806,974.8458150719207,34.30611857075459,-0.09351785990543604,0.1745,0.0,0.0,0.0,-0.6019741183925498
42,215.5173249448874,974.8563715039045,33.930969573232524,0.3046464995807143,0.1745,0.0,0.0,0.0,-0.8361397057817266
43,218.89556360763538,974.9023810653994,33.63380368172712,0.6155447303165864,0.1745,0.5,0.0,0.0,-1.022668343008188
44,222.24763655224226,974.976224098748,33.40765521041037,0.8613159366561041,0.1745,1.0,0.0,0.0,-1.1723312591975728
45,225.572999369239,975.0709352399753,33.099601129524636,1.032906887888253,0.1745,0.0,0.0,0.0,-1.2808608859172843
46,228.86826833377873,975.1803048935885,32.80577816126985,1.154486184376291,0.1745,0.0,0.0,0.0,-1.3606301302847987
47,232.13472092271306,975.2998179774809,32.52327361741672,1.2357754934700171,0.1745,0.0,0.0,0.0,-1.4168098697446503
48,235.37583755655166,975.4262642783908,32.29905905935521,1.2931505247280581,0.1745,0.5,0.0,0.0,-1.4577074477770506
49,238.6091095598249,975.511919443881,32.366381006109535,0.41995278507578315,0.0,1.0,0.0,0.0,-0.9170132738987633
50,241.83522608109018,975.5630913640019,32.15594941919601,0.6034856173433495,0.1745,1.0,0.0,0.0,-1.0329396180621604
51,245.04094423252423,975.6304138143937,31.95841360948489,0.742963390491379,0.1745,1.0,0.0,0.0,-1.1226234228649747
52,248.22496384891656,975.7094612195193,31.7219787183619,0.8379847120201254,0.1745,0.5,0.0,0.0,-1.1860824577651665
53,251.38824456601455,975.7968832068207,31.543635623597886,0.9104550340069156,0.1745,1.0,0.0,0.0,-1.2351104795943104
54,254.5290981168877,975.8895120963173,31.27343539386531,0.9421227559254353,0.1745,0.0,0.0,0.0,-1.260460325490004
55,257.64325096775553,975.9841444654654,31.00962162349109,0.9505246270375208,0.1745,0.0,0.0,0.0,-1.271128163525988
56,260.7312804769297,976.0786628888262,30.750968559992806,0.9398438401784132,0.1745,0.0,0.0,0.0,-1.269471956650814
57,263.7961154791601,976.1717618362027,30.545731484614418,0.9221351073502512,0.1745,0.5,0.0,0.0,-1.262121830824442
58,266.838108915657,976.2621056387406,30.2941372453243,0.8847409434083507,0.1745,0.0,0.0,0.0,-1.242594602131025
59,269.85754637316217,976.3485891400682,30.094611904778976,0.8449290831422857,0.1745,0.5,0.0,0.0,-1.2201532480794586
60,272.8546587902839,976.4302935509617,29.847636437656192,0.7891591347277657,0.1745,0.0,0.0,0.0,-1.187575762084314
61,275.8296320718014,976.5064528077911,29.651829192694255,0.7340260018605267,0.1745,0.5,0.0,0.0,-1.154020214450022
62,278.7875393056782,976.5772929624223,29.50631548484075,0.6827770907635847,0.1745,1.0,0.0,0.0,-1.1218563085528113
63,281.73091212514356,976.6429033045249,29.36114090446606,0.6294297512884914,0.1745,1.0,0.0,0.0,-1.0879324912667145
64,284.6573176456871,976.7026550228179,29.166969506404644,0.5656046145706781,0.1745,0.5,0.0,0.0,-1.0471438898338705
65,287.56187656713234,976.7554147805479,28.924208922500213,0.4895905400288082,0.1745,0.0,0.0,0.0,-0.9979546526952071
66,290.4471323927399,976.801193283481,28.780907589650138,0.4259795186340682,0.1745,1.0,0.0,0.0,-0.9555424141264579
67,293.31558482369604,976.8401609032226,28.58814102947277,0.35337287619755603,0.1745,0.5,0.0,0.0,-0.9068426458426265
68,296.1623113286306,976.8713194534153,28.346389069218233,0.26979812765562994,0.1745,0.0,0.0,0.0,-0.8500755147301008
69,298.98489476368,976.893922299599,28.105279631770173,0.18225879601992193,0.1745,0.0,0.0,0.0,-0.7894967340468427
70,301.7833904738325,976.9075997242207,27.86463457127962,0.09128969641382,0.1745,0.0,0.0,0.0,-0.7253963926954127
71,304.5602993559587,976.9124647070028,27.67354307124346,0.0060099592261436685,0.1745,0.5,0.0,0.0,-0.6642815516817182
72,307.32054591604424,976.9092030483947,27.531388130467683,-0.07124313138662014,0.1745,1.0,0.0,0.0,-0.6082433918068509
73,310.06161228297384,976.8974149055858,27.28993920812442,-0.16451972479102528,0.1745,0.0,0.0,0.0,-0.5394802826234535
74,312.78100765555394,976.8765868236417,27.09796824347786,-0.25204191409300714,0.1745,0.5,0.0,0.0,-0.4740797097938466
75,315.48364908572154,976.8474107760416,26.95486035987407,-0.33147903790925104,0.1745,1.0,0.0,0.0,-0.4141988193259308
76,318.1694734685061,976.8099268568228,26.76162729581774,-0.41819934646551493,0.1745,0.5,0.0,0.0,-0.3476610950332867
77,320.8334965947925,976.7632916567229,26.518835229910646,-0.5145046555316293,0.1745,0.0,0.0,0.0,-0.2722192077463178
78,323.4781716530278,976.7077499505372,26.37466593479574,-0.5963294681842531,0.1745,1.0,0.0,0.0,-0.20809995195598993
79,326.1083815482723,976.6440991858019,26.229531970093515,-0.6766858265216705,0.1745,1.0,0.0,0.0,-0.14437923680185552
80,328.72157172998095,976.5720369314929,26.034271664079807,-0.7645592596584259,0.1745,0.5,0.0,0.0,-0.07306736811204993
81,331.3152195245015,976.4911309320478,25.83868422633143,-0.853560729243876,0.1745,0.5,0.0,0.0,-0.00019408165853829207
82,333.8868281065745,976.400837492446,25.593487415128152,-0.9523080627901994,0.1745,0.0,0.0,0.0,-0.08359035135328263
83,336.4388454300115,976.3013844818491,25.44685905361156,-1.036752149147862,0.1745,1.0,0.0,0.0,-0.15415039714529663
84,338.97614824703896,976.1935550670182,25.299197286938142,-1.1198361474700491,0.1745,1.0,0.0,0.0,-0.2244765836291568
85,341.49617492308755,976.0770366831521,25.10133623403396,-1.2105315298521837,0.1745,0.5,0.0,0.0,-0.30357144011098913
86,343.99885749517034,975.9518207025338,24.952315207621826,-1.2937880825124877,0.1745,1.0,0.0,0.0,-0.3759119222514573
87,346.48412870904167,975.817889839327,24.75310906980479,-1.3848291816247642,0.1745,0.5,0.0,0.0,-0.45761450701113593
88,348.9519216890621,975.675218755004,24.60275053060373,-1.4685925048353203,0.1745,1.0,0.0,0.0,-0.5323369611413087
89,351.3997074570102,975.523341638147,24.35296482835831,-1.5689498323049742,0.1745,0.0,0.0,0.0,-0.626685762448808
90,353.82498166708643,975.3616821285481,24.15251937316629,-1.664240359674586,0.1745,0.5,0.0,0.0,-0.7159451828181407
91,356.22772138993435,975.1900024256597,23.90227508379219,-1.7693536980935514,0.1745,0.0,0.0,0.0,-0.8178678577324929
92,358.61035570459995,975.0085194891111,23.750411209520045,-1.8603050328783668,0.1745,1.0,0.0,0.0,-0.903496551880799
93,360.97527967434615,974.81757301239,23.548068185403814,-1.9586245015437558,0.1745,0.5,0.0,0.0,-0.9999108167696674
94,363.3199361357347,974.6167401234071,23.34506104236619,-2.058033278113797,0.1745,0.5,0.0,0.0,-1.098898799264393
95,365.6442567067689,974.4059130933377,23.141350378317888,-2.1585073232730747,0.1745,0.5,0.0,0.0,-1.2005096837162972
96,367.95063115050993,974.1854203276793,22.986138496503376,-2.251347989896427,0.1745,1.0,0.0,0.0,-1.2931376857001744
97,370.2364962976276,973.9548301453818,22.731164445850126,-2.360455656052489,0.1745,0.0,0.0,0.0,-1.4100244631657624
98,372.50177744343694,973.7140253055172,22.574458470337504,-2.4556411412385604,0.1745,1.0,0.0,0.0,-1.507780248370452
99,374.7513195121902,973.4637599176652,22.416382904728202,-2.549666615800963,0.1745,1.0,0.0,0.0,-1.60591762495564
100,376.9849889167662,973.204136270563,22.257005186791588,-2.6428063262442487,0.1745,1.0,0.0,0.0,-1.704694589945699
101,379.20019612515495,972.9347971173822,22.047138980983252,-2.7439767373713133,0.1745,0.5,0.0,0.0,-1.817542689355634
102,381.39438163486784,972.655255207459,21.836571213274294,-2.8468614610920193,0.1745,0.5,0.0,0.0,-1.934028372249394
103,383.5650096497516,972.364909940326,21.57598908440071,-2.9600438815689736,0.1745,0.0,0.0,0.0,-2.068183724727757
104,385.71202452289407,972.0634951942227,21.364308378449376,-3.068251040496975,0.1745,0.5,0.0,0.0,-2.1943390490559933
105,387.8378207029889,971.7512000295961,21.15161522344669,-3.1776522520337074,0.1745,0.5,0.0,0.0,-2.3240342496906514
106,389.9398324990983,971.4274716967251,20.888620698741946,-3.296914405386615,0.1745,0.0,0.0,0.0,-2.4727007901242977
107,392.0204384983832,971.0925175946164,20.723499286956272,-3.4021676367857427,0.1745,1.0,0.0,0.0,-2.5964091852550486
108,394.0795199725587,970.7462349713136,20.458130196554002,-3.523484829270186,0.1745,0.0,0.0,0.0,-2.753352668453485
109,396.11695396648196,970.3885191320107,20.290549681910836,-3.630831956785788,0.1745,1.0,0.0,0.0,-2.883792562507401
110,398.13753723670123,970.0201324788129,20.121115722474574,-3.7369011071708016,0.1745,1.0,0.0,0.0,-3.0152017711802115
111,400.1410880411765,969.641187710289,19.949900367030146,-3.841994263307218,0.1745,1.0,0.0,0.0,-3.1479080464233493
112,402.12743108983165,969.2517693803163,19.776960606073562,-3.946372336147603,0.1745,1.0,0.0,0.0,-3.2822088667491407
113,404.0963961298218,968.8519377198112,19.60234019372935,-4.0502608739550485,0.1745,1.0,0.0,0.0,-3.418376224248587
114,406.0453546670035,968.4412978881348,19.37683054990467,-4.162535759570801,0.1745,0.5,0.0,0.0,-3.5756179932353156
115,407.9717057029464,968.019325753549,19.1501901689538,-4.27690693214748,0.1745,0.5,0.0,0.0,-3.7383552758464615
116,409.87779296153826,967.5862521004489,18.971555002883374,-4.384566129855683,0.1745,1.0,0.0,0.0,-3.886522274934226
117,411.765925322814,967.1424307425905,18.791092222631107,-4.491861027312949,0.1745,1.0,0.0,0.0,-4.037063595214373
118,413.6334591336379,966.6874550404709,18.559583993847728,-4.607653015077591,0.1745,0.5,0.0,0.0,-4.211408800207089
119,415.48023899291564,966.2212240607086,18.376013191706086,-4.716966580169064,0.1745,1.0,0.0,0.0,-4.3701567403721695
120,417.30856639592383,965.7440701178708,18.190534868457597,-4.826112276586044,0.1745,1.0,0.0,0.0,-4.531796341893109
121,419.1182510697252,965.2560022727564,18.003158607570178,-4.935244625702462,0.1745,1.0,0.0,0.0,-4.696582644056153
122,420.9091032387682,964.7570151907443,17.813884773289924,-5.044497014539585,0.1745,1.0,0.0,0.0,-4.864758143729758
123,422.68093274754864,964.2470911178079,17.622705402319617,-5.153984444186586,0.1745,1.0,0.0,0.0,-5.036555348527654
124,424.43354826564354,963.7262016015428,17.42960495957796,-5.26380588111594,0.1745,1.0,0.0,0.0,-5.212199011564315
125,426.16675656232576,963.194308994285,17.234560974066408,-5.374046264039435,0.1745,1.0,0.0,0.0,-5.391908092964183
126,427.8803618394746,962.6513677704836,17.037544568909617,-5.484778211989082,0.1745,1.0,0.0,0.0,-5.575897487244113
127,429.5741651128119,962.0973256862262,16.83852089783732,-5.596063473158557,0.1745,1.0,0.0,0.0,-5.7643795504603865
128,431.24796363264085,961.5321248051365,16.63744949874122,-5.707954148634553,0.1745,1.0,0.0,0.0,-5.957565456503271
129,432.9015503362512,960.9557024116842,16.434284573465547,-5.820493720411237,0.1745,1.0,0.0,0.0,-6.155666408048548
130,434.5347133250077,960.3679918302165,16.22897520166433,-5.933717908943523,0.1745,1.0,0.0,0.0,-6.35889472436146
131,436.1585895967086,959.7568002197362,16.24855023235341,-6.290114300662094,0.0,1.0,0.0,0.0,-6.735800112182475
132,437.784016496116,959.1119462790541,16.259987755794576,-6.606964512978748,0.0,1.0,0.0,0.0,-7.068223367265909
133,439.4102054131544,958.4371969881199,16.263790584973655,-6.888021305704745,0.0,1.0,0.0,0.0,-7.361880259765879
134,441.036420083594,957.7359515077562,16.260502823818765,-7.13688830156883,0.0,1.0,0.0,0.0,-7.621868740364169
135,442.66197947944147,957.0112582776553,16.2506850931302,-7.356976300450444,0.0,1.0,0.0,0.0,-7.852704552187965
136,444.28625849153156,956.2658358497039,16.234895148671754,-7.551472258578119,0.0,1.0,0.0,0.0,-8.058365731616028
137,445.9086869196984,955.5020962239602,16.21367341466613,-7.723320256296351,0.0,1.0,0.0,0.0,-8.242341091575833
138,447.5367496505138,954.7070777883623,16.347581201640786,-8.17704845566095,-0.1745,1.0,0.0,0.0,-8.628063714186528
139,449.1782465063897,953.8693310665027,16.48235591587782,-8.577885981532022,-0.1745,1.0,0.0,0.0,-8.949584280715289
140,450.8332503073884,952.9939348050125,16.61772010409623,-8.93003924827145,-0.1745,1.0,0.0,0.0,-9.215072182557883
141,452.4968873028232,952.0864127797946,16.655019804599494,-9.22040125608678,-0.1745,0.0,0.0,0.0,-9.465818179659495
142,454.16916968884004,951.1507977421388,16.79062791573668,-9.491899497029927,-0.1745,1.0,0.0,0.0,-9.64461084562489
143,455.8550259255386,950.1898605059567,16.926496818234064,-9.726845226612081,-0.1745,1.0,0.0,0.0,-9.786259528653613
144,457.5544824105187,949.207062542456,17.062632881368256,-9.929114043401674,-0.1745,1.0,0.0,0.0,-9.895844294879437
145,459.26510556214464,948.2059239640141,17.1498301511503,-10.093657525436377,-0.1745,0.5,0.0,0.0,-9.995342089527595
146,460.98691436440714,947.1890723261096,17.286345894099753,-10.243375232654893,-0.1745,1.0,0.0,0.0,-10.055501050861562
147,462.7223949019466,946.1583924790825,17.423264856689304,-10.370221707886609,-0.1745,1.0,0.0,0.0,-10.094953949815917
148,464.4715908225202,945.1160313050142,17.560653554783027,-10.4770017734808,-0.1745,1.0,0.0,0.0,-10.116640781459754
149,466.2345524162219,944.0638694373257,17.698578319250526,-10.56623558028894,-0.1745,1.0,0.0,0.0,-10.123103777573458
150,468.0113364568148,943.0035490967132,17.837102492606398,-10.640171231960643,-0.1745,1.0,0.0,0.0,-10.11653812668367
151,469.80200581572666,941.9365004405553,17.976284685631498,-10.70080189119776,-0.1745,1.0,0.0,0.0,-10.098837196446802
152,471.6066289406524,940.8639660703456,18.116177812883606,-10.749885512995913,-0.1745,1.0,0.0,0.0,-10.071632548128612
153,473.4252792654455,939.7870235059066,18.256828682978817,-10.78896577578209,-0.1745,1.0,0.0,0.0,-10.036329132899288
154,475.2580345980844,938.7066055592666,18.398277969798826,-10.819393157018201,-0.1745,1.0,0.0,0.0,-9.994136104196796
155,477.102514484559,937.623952670121,18.49131975969226,-10.833664625894551,-0.1745,0.5,0.0,0.0,-9.962297498294618
156,478.9587888887837,936.5396441492444,18.634168324802072,-10.852505791635961,-0.1745,1.0,0.0,0.0,-9.911097475249262
157,480.82939204790705,935.4537457649444,18.777894857664876,-10.865461894362568,-0.1745,1.0,0.0,0.0,-9.855433479267857
158,482.7119507842962,934.3672393768627,18.87327987011816,-10.86466586727111,-0.1745,0.5,0.0,0.0,-9.811624549917608
159,484.6040790391092,933.2809134382269,18.96928522614114,-10.861852905445101,-0.1745,0.5,0.0,0.0,-9.766266933722642
160,486.5083011996589,932.1945216514335,19.115157984852605,-10.865982830420624,-0.1745,1.0,0.0,0.0,-9.704291295885714
161,488.4271569562837,931.1079092974188,19.261957147642953,-10.866264249873446,-0.1745,1.0,0.0,0.0,-9.639603123725456
162,490.36073943967233,930.0214342892282,19.409692520130516,-10.863235913939116,-0.1745,1.0,0.0,0.0,-9.572659151515397
163,492.30914261354644,928.9354043539962,19.558370957351464,-10.857362790700845,-0.1745,1.0,0.0,0.0,-9.503852402502432
164,494.2699989648326,927.8505179562205,19.658756068371776,-10.84036516481239,-0.1745,0.5,0.0,0.0,-9.447901296450748
165,496.24092671988467,926.7673185886312,19.759799032668933,-10.823622186974958,-0.1745,0.5,0.0,0.0,-9.392267403924512
166,498.22445352993475,925.6853488663946,19.910737168332567,-10.815772257754398,-0.1745,1.0,0.0,0.0,-9.322879471014524
167,500.2231211917755,924.6042726770636,20.06261606848158,-10.805751528867175,-0.1745,1.0,0.0,0.0,-9.252214505855887
168,502.23702375799803,923.5242915838536,20.215435255969595,-10.793870335331956,-0.1745,1.0,0.0,0.0,-9.180532888936964
169,504.26379311738657,922.4460122939411,20.31995193180074,-10.771715462918763,-0.1745,0.5,0.0,0.0,-9.121417203891506
170,506.30350858606465,921.3694654243617,20.474357441760915,-10.759221928669826,-0.1745,1.0,0.0,0.0,-9.050026058213794
171,508.3587109889278,920.2942430995262,20.629690615501634,-10.745224568040669,-0.1745,1.0,0.0,0.0,-8.97792958855616
172,510.42949285771584,919.2204846867044,20.78594676025913,-10.729943688394362,-0.1745,1.0,0.0,0.0,-8.905311837453546
173,512.5134841655025,918.1487430730506,20.893879395474155,-10.704888584682008,-0.1745,0.5,0.0,0.0,-8.844852118468442
174,514.6083001649142,917.0794368824199,21.00244059276029,-10.681235227931593,-0.1745,0.5,0.0,0.0,-8.785648605709502
175,516.7164654174973,916.0120021744294,21.160864458899464,-10.667458931879,-0.1745,1.0,0.0,0.0,-8.715355813275297
176,518.8405178230722,914.9460101200682,21.320183652600047,-10.65238215534553,-0.1745,1.0,0.0,0.0,-8.644555356780273
177,520.9805465476588,913.8815809068839,21.480390839133157,-10.636202108341479,-0.1745,1.0,0.0,0.0,-8.573409681081491
178,523.1366399815224,912.8188163536837,21.641477838138766,-10.619088955661793,-0.1745,1.0,0.0,0.0,-8.502058831123758
179,525.3088856605528,911.7578024244312,21.80343574246958,-10.601189629386608,-0.1745,1.0,0.0,0.0,-8.430623631382785
180,527.4973701986519,910.6986113872606,21.966255019510264,-10.582631114026562,-0.1745,1.0,0.0,0.0,-8.359208408774535
181,529.6846822987712,909.6683782956684,21.779986982877997,-10.022030717816703,0.0,0.5,0.0,0.0,-8.005978272585363
182,531.8707685520889,908.6628132822175,21.941738083475602,-10.089269551200918,-0.1745,1.0,0.0,0.0,-8.001206609400747
183,534.0590942456697,907.6777868128248,21.824775788140904,-9.611259836653172,0.0,1.0,0.0,0.0,-7.678566561821654
184,536.2316221834707,906.7364028211266,21.62578296787869,-9.216419997310673,0.0,0.0,0.0,0.0,-7.439957495363822
185,538.3670668739502,905.852026963193,21.083110841710592,-8.471097161360793,0.1745,1.0,0.0,0.0,-7.024228266647458
186,540.472443410926,905.014007915835,21.024419897805483,-8.289283785798034,0.0,1.0,0.0,0.0,-6.8948186082597385
187,542.5722417103024,904.192703881487,20.971546089723155,-8.136796901162628,0.0,1.0,0.0,0.0,-6.786449302602695
188,544.6471329949809,903.4051811835513,20.526279603848227,-7.613657057550356,0.1745,1.0,0.0,0.0,-6.488518383873644
189,546.6981753995691,902.6454655671057,20.49456848791533,-7.580655271362342,0.0,1.0,0.0,0.0,-6.470766313226068
190,548.7278639551796,901.9075824388258,20.0992026242944,-7.177007294237097,0.1745,1.0,0.0,0.0,-6.244981915233273
191,550.7198003369033,901.2056952499004,19.739525010179104,-6.860736484270504,0.1745,1.0,0.0,0.0,-6.076118031736824
192,552.6771715951039,900.5319232598714,19.407900153833392,-6.614703316309492,0.1745,1.0,0.0,0.0,-5.956048125731902
193,554.6178236467094,899.8630158023215,19.40514087827661,-6.763445834688507,0.0,1.0,0.0,0.0,-6.094352072018703
194,556.5424209263243,899.1970634730609,19.08680471402114,-6.555600750523061,0.1745,1.0,0.0,0.0,-6.004092221940425
195,558.4361535743699,898.5493748835908,18.7878482468891,-6.398171038878618,0.1745,1.0,0.0,0.0,-5.952315286413224
196,560.300768734564,897.9153468078271,18.504454956994024,-6.282390476394335,0.1745,1.0,0.0,0.0,-5.934037860263724
197,562.137671678914,897.2911631973755,18.23360393000457,-6.20128173263817,0.1745,1.0,0.0,0.0,-5.9450909575612805
198,563.9479954220385,896.6736377044117,17.972870932484575,-6.149228126636544,0.1745,1.0,0.0,0.0,-5.981978727551679
199,565.7326533076143,896.0600930694775,17.72028677903269,-6.121664572048717,0.1745,1.0,0.0,0.0,-6.041765012671505
200,567.4923793676451,895.4482673406803,17.4742344215831,-6.114850003893851,0.1745,1.0,0.0,0.0,-6.121981552013204
201,569.227759728962,894.8362400005556,17.233372804756275,-6.125696798600933,0.1745,1.0,0.0,0.0,-6.220553184736904
202,570.9392573491144,894.2223731164961,16.996579598291873,-6.151640882588324,0.1745,1.0,0.0,0.0,-6.335736526202184
203,572.6272317033186,893.6052640009925,16.762907485790915,-6.190541427483044,0.1745,1.0,0.0,0.0,-6.466069409260901
204,574.3041617304976,892.9708214012361,16.77569305779065,-6.498310567645477,0.0,1.0,0.0,0.0,-6.782517989040562
205,575.9820059403606,892.30736095832,16.781191139469275,-6.770898290675381,0.0,1.0,0.0,0.0,-7.061682403287706
206,577.6600625344532,891.6182197624989,16.779940742383285,-7.011925625746217,0.0,1.0,0.0,0.0,-7.30845117488426
207,579.3447713780625,890.8908714222422,16.91423612980204,-7.535041179387938,-0.1745,1.0,0.0,0.0,-7.774359553100113
208,581.03509763831,890.1301644320653,16.892289075148263,-7.679098624150018,0.0,1.0,0.0,0.0,-7.926302620785907
209,582.7311449989444,889.3398152557412,17.02865813753929,-8.127884902331378,-0.1745,1.0,0.0,0.0,-8.300052561993654
210,584.4408896908379,888.5072412882971,17.166235700331338,-8.523594446550183,-0.1745,1.0,0.0,0.0,-8.611413563314459
211,586.1644370645421,887.6375311137726,17.304711773751222,-8.870609043939423,-0.1745,1.0,0.0,0.0,-8.868305197601314
212,587.9018668197815,886.7353350630724,17.443883331037057,-9.173311970065159,-0.1745,1.0,0.0,0.0,-9.077816871005634
213,589.6532424084185,885.8048697710069,17.583628441703276,-9.435993871243934,-0.1745,1.0,0.0,0.0,-9.24624148471968
214,591.4186180777023,884.8499312992449,17.723884943972376,-9.662775563996467,-0.1745,1.0,0.0,0.0,-9.379128298386894
215,593.1980439869614,883.8739150263661,17.864633241209482,-9.857549893577692,-0.1745,1.0,0.0,0.0,-9.481345481266949
216,594.9915697865912,882.8798404199172,18.00588275138828,-10.023942235402227,-0.1745,1.0,0.0,0.0,-9.557146072466082
217,596.7992469991327,881.8703789250637,18.147661499441558,-10.165287661666516,-0.1745,1.0,0.0,0.0,-9.610233354646002
218,598.621130490878,880.8478834411419,18.290008335464705,-10.284622016770575,-0.1745,1.0,0.0,0.0,-9.643823219774877
219,600.4572792719465,879.8144181440775,18.432967285905605,-10.384683924517104,-0.1745,1.0,0.0,0.0,-9.660702169263931
220,602.3077568158229,878.7717877034681,18.576583591621773,-10.467924887671355,-0.1745,1.0,0.0,0.0,-9.66328029547696
221,604.1701690140327,877.7219992495718,18.67166037257255,-10.527844190255822,-0.1745,0.5,0.0,0.0,-9.66911463212135
222,606.0445737691778,876.6663064204585,18.816434730327824,-10.586012392010318,-0.1745,1.0,0.0,0.0,-9.650864635073802
223,607.9334944853903,875.6053627642624,18.961979593921257,-10.632860731910307,-0.1745,1.0,0.0,0.0,-9.623459413103076
224,609.837009874006,874.5402240276336,19.108328178391623,-10.669914000666548,-0.1745,1.0,0.0,0.0,-9.588269585437407
225,611.7527396984874,873.472237117115,19.206268311237004,-10.689824209706082,-0.1745,0.5,0.0,0.0,-9.561330107581965
226,613.6807539624223,872.4020742631869,19.354016967460964,-10.71343286885569,-0.1745,1.0,0.0,0.0,-9.515707974406363
227,615.6235865692338,871.3298811658293,19.502635168769775,-10.73042907829602,-0.1745,1.0,0.0,0.0,-9.465091107476493
228,617.5813253109476,870.2562731340271,19.652139665505302,-10.741731557749432,-0.1745,1.0,0.0,0.0,-9.410268353963524
229,619.5540594644661,869.18177973742,19.80254340486537,-10.7481363743913,-0.1745,1.0,0.0,0.0,-9.351917758434256
230,621.5418794305757,868.1068563042327,19.953855917325956,-10.750332289354994,-0.1745,1.0,0.0,0.0,-9.290622080664965
231,623.5424143777428,867.0323280036579,20.056843026015848,-10.740233722141483,-0.1745,0.5,0.0,0.0,-9.240559989442763
232,625.5557417018291,865.9584137748302,20.20970345571013,-10.73805085441252,-0.1745,1.0,0.0,0.0,-9.17650784269141
233,627.5844009440175,864.8848674169445,20.36348138805676,-10.732876303302076,-0.1745,1.0,0.0,0.0,-9.110537692148586
234,629.6260218531987,863.8124006802756,20.468936795568546,-10.716458430077752,-0.1745,0.5,0.0,0.0,-9.056092962610014
235,631.680681982684,862.7411347215848,20.62426579413653,-10.708860743738098,-0.1745,1.0,0.0,0.0,-8.988985386727244
236,633.7484585908354,861.6711731643373,20.731266368893007,-10.69037040120965,-0.1745,0.5,0.0,0.0,-8.933325162354077
237,635.8294286360734,860.6026046848159,20.888134535866502,-10.680999189219314,-0.1745,1.0,0.0,0.0,-8.86562206014151
238,637.9236686338812,859.5355048883549,20.996665420289844,-10.660996740001192,-0.1745,0.5,0.0,0.0,-8.809216696312564
239,640.0287926435612,858.4703723578622,21.105814773310374,-10.641653869854293,-0.1745,0.5,0.0,0.0,-8.753496359829217
240,642.1473242963744,857.4067119006867,21.264818282953716,-10.631555273656433,-0.1745,1.0,0.0,0.0,-8.686373749995077
241,644.2818006196894,856.3441529317604,21.42470818334642,-10.619624104868612,-0.1745,1.0,0.0,0.0,-8.61832857412117
242,646.4323099211178,855.2828649780894,21.58547784522229,-10.606134968551954,-0.1745,1.0,0.0,0.0,-8.549585355338156
243,648.5964777605221,854.2234260438462,21.697878942864016,-10.582643716310715,-0.1745,0.5,0.0,0.0,-8.491733115321825
244,650.7594816162226,853.1923884184113,21.56219817114546,-10.038108792387566,0.0,1.0,0.0,0.0,-8.130835203876455
245,652.909993496272,852.2109626877923,21.448039429843405,-9.590405819991323,0.0,1.0,0.0,0.0,-7.826959211386328
246,655.0263950580762,851.2913751022659,20.879991806241527,-8.801345890537958,0.1745,1.0,0.0,0.0,-7.396381636643135
247,657.108450978813,850.4222185545086,20.76112660849389,-8.58178506460728,0.0,0.5,0.0,0.0,-7.25791510870952
248,659.181490617295,849.5731000387307,20.69966616114494,-8.400585250952,0.0,1.0,0.0,0.0,-7.129551575790636
249,661.2486784421333,848.7406348534777,20.64409033561928,-8.248718454107467,0.0,1.0,0.0,0.0,-7.022282869496955
250,663.2908181445257,847.9413551512431,20.198703712229477,-7.736875590584469,0.1745,1.0,0.0,0.0,-6.7360938210767625
251,665.3089649463602,847.1693702062095,20.164232324461615,-7.702823310087264,0.0,1.0,0.0,0.0,-6.718542407408493
252,667.3237174562969,846.4004755198367,20.13081787427191,-7.675070417368379,0.0,1.0,0.0,0.0,-6.7060301414047
253,669.3171333693751,845.652333932648,19.737500387292044,-7.287761326404374,0.1745,1.0,0.0,0.0,-6.4956797447372425
254,671.2729474335808,844.9386958826451,19.37878089682104,-6.98499967365484,0.1745,1.0,0.0,0.0,-6.34100770880643
255,673.1942507366289,844.251930852529,19.047285164140288,-6.750300928668205,0.1745,1.0,0.0,0.0,-6.234168119537692
256,675.0834863280304,843.5858637242811,18.737426663889913,-6.571041636289643,0.1745,1.0,0.0,0.0,-6.168654879927025
257,676.957217452482,842.9196185897744,18.7371958251427,-6.753861053845496,0.0,1.0,0.0,0.0,-6.342387508763797
258,678.8306992548171,842.2362124693764,18.732440221558903,-6.914261354115344,0.0,1.0,0.0,0.0,-6.495575137652408
259,680.7010023083628,841.5377499951454,18.673620849355554,-7.054988130503005,0.0,0.5,0.0,0.0,-6.64869647728694
260,682.5652469359857,840.8259646553217,18.61127170310184,-7.180718665971412,0.0,0.5,0.0,0.0,-6.789160310113815
261,684.425596747314,840.102258164968,18.595724523464607,-7.293411141103385,0.0,1.0,0.0,0.0,-6.900493393213708
262,686.2684678870426,839.3836962546532,18.2616982711075,-7.077827065192936,0.1745,1.0,0.0,0.0,-6.820544861083504
263,688.0940333124028,838.6688613850964,18.249610236096604,-7.2188703259409905,0.0,1.0,0.0,0.0,-6.959471536299111
264,689.9182034406263,837.940773607715,18.233792328373156,-7.342885221687457,0.0,1.0,0.0,0.0,-7.0831885886845285
265,691.7406251222867,837.2010273147376,18.21464130483474,-7.452040637859351,0.0,1.0,0.0,0.0,-7.193829101491291
266,693.560983038761,836.4510121228532,18.192517024651266,-7.548263199829905,0.0,1.0,0.0,0.0,-7.293244409931585
267,695.3764960428165,835.691936153619,18.117743056457805,-7.633256184851498,0.0,0.5,0.0,0.0,-7.402741244647707
268,697.1869186136107,834.9247327535394,18.09070835942644,-7.710811816742364,0.0,1.0,0.0,0.0,-7.486593300361624
269,698.9920291319665,834.1502088748332,18.01150200768928,-7.779665757381684,0.0,0.5,0.0,0.0,-7.58331462131726
270,700.800206623927,833.3511621466466,18.152047831519955,-8.201268806350333,-0.1745,1.0,0.0,0.0,-7.916505618442643
271,702.6225175968882,832.5125443367414,18.294171627703086,-8.57108739175403,-0.1745,1.0,0.0,0.0,-8.192760943148809
272,704.4591038380784,831.6393008790702,18.437553196099415,-8.893781761668023,-0.1745,1.0,0.0,0.0,-8.419391098795689
273,706.3100801710916,830.7359164069102,18.58197346416569,-9.173907681532693,-0.1745,1.0,0.0,0.0,-8.60292081333949
274,708.1755433210025,829.8064290325798,18.72728953405146,-9.415839805074551,-0.1745,1.0,0.0,0.0,-8.749129535110768
275,710.0555785243503,828.8544514129032,18.873414532904853,-9.623712588455412,-0.1745,1.0,0.0,0.0,-8.863105895429321
276,711.9502643334594,827.8831968179136,19.020301649276554,-9.801379311338017,-0.1745,1.0,0.0,0.0,-8.949308744640664
277,713.8596760031635,826.8955084613128,19.167931744805006,-9.952387820677043,-0.1745,1.0,0.0,0.0,-9.011629874948543
278,715.7814257541652,825.8943245820426,19.267063275228004,-10.071289764726652,-0.1745,0.5,0.0,0.0,-9.067331911458275
279,717.7155749816229,824.8817322493973,19.41592127392608,-10.180556888179863,-0.1745,1.0,0.0,0.0,-9.093419656062869
280,719.6646481748019,823.8591216853579,19.565542589652946,-10.271654392606933,-0.1745,1.0,0.0,0.0,-9.104217936806126
281,721.6262606306029,822.8286260479263,19.666706526368465,-10.338258356024218,-0.1745,0.5,0.0,0.0,-9.115640652590217
282,723.6004779867246,821.7916098108783,19.817640596064937,-10.402066384935575,-0.1745,1.0,0.0,0.0,-9.104026083297105
283,725.5898296724533,820.7488221869378,19.969393118509366,-10.453686093875197,-0.1745,1.0,0.0,0.0,-9.082677264525453
284,727.5943984272805,819.7013995216813,20.12198197803226,-10.494767211254365,-0.1745,1.0,0.0,0.0,-9.05306482445679
285,729.6142686456701,818.6503235262129,20.275422389761623,-10.52675269811427,-0.1745,1.0,0.0,0.0,-9.016454289042779
286,731.6495260973307,817.5964408555479,20.429726643450287,-10.550900715185657,-0.1745,1.0,0.0,0.0,-8.973933876428395
287,733.7002576330468,816.5404805499586,20.584904070871236,-10.568305396601824,-0.1745,1.0,0.0,0.0,-8.926438771381362
288,735.7665508943846,815.4830694736839,20.740961155884612,-10.579916128890806,-0.1745,1.0,0.0,0.0,-8.874772255225292
289,737.8484940386417,814.4247459081222,20.897901729255743,-10.586555182344568,-0.1745,1.0,0.0,0.0,-8.819624047885656
290,739.9461754854917,813.3659714665592,21.055727207746543,-10.588933648913589,-0.1745,1.0,0.0,0.0,-8.76158619308223
291,742.0596836883789,812.3071414983717,21.21443684999618,-10.587665714836472,-0.1745,1.0,0.0,0.0,-8.701166788935822
292,744.1891069314391,811.2485941453881,21.37402801120821,-10.58328134483623,-0.1745,1.0,0.0,0.0,-8.638801836601406
293,746.3345331512735,810.1906182039322,21.534496385478985,-10.576237484282128,-0.1745,1.0,0.0,0.0,-8.57486545046493
294,748.4960497820172,809.1334599346476,21.69583622939387,-10.566927901410791,-0.1745,1.0,0.0,0.0,-8.509678645844385
295,750.6588810770664,808.103857499011,21.5607896715926,-10.025120811320798,0.0,1.0,0.0,0.0,-8.150344716777777
296,752.8229951450878,807.0977996443564,21.721491688833925,-10.09603628177251,-0.1745,1.0,0.0,0.0,-8.148111663985407
297,755.0032255813016,806.085316400246,21.883117035442172,-10.153628600435459,-0.1745,1.0,0.0,0.0,-8.135585074512793
298,757.197201884837,805.0680821883473,21.996409035264733,-10.191055637540675,-0.1745,0.5,0.0,0.0,-8.124911012972882
299,759.3907939686347,804.0738655909065,21.875432640689812,-9.69327631127516,0.0,1.0,0.0,0.0,-7.7905117598239695
300,761.5707331033971,803.125072140099,21.723350054557155,-9.282592704876732,0.0,0.5,0.0,0.0,-7.525394362189637
301,763.7155470163812,802.2350478983427,21.172928205124418,-8.517892130248015,0.1745,1.0,0.0,0.0,-7.099231463848365
302,765.8089459440774,801.4131145728975,20.695050348800592,-7.920774378656275,0.1745,1.0,0.0,0.0,-6.760726178992616
303,767.8572808591248,800.6444619635334,20.271647952145873,-7.4522778086236245,0.1745,1.0,0.0,0.0,-6.4961847888633315
304,769.8629023761118,799.9171853128701,19.840782387595656,-7.09325520464422,0.1745,0.5,0.0,0.0,-6.31790528975535
305,771.8295548424219,799.222095295892,19.4922669386052,-6.808545134915923,0.1745,1.0,0.0,0.0,-6.172302015463531
306,773.762631755132,798.5522559888284,19.16927131559843,-6.588241006355855,0.1745,1.0,0.0,0.0,-6.072604104447558
307,775.66442602463,797.9018162115258,18.86661407436014,-6.420554539695594,0.1745,1.0,0.0,0.0,-6.012590522387839
308,777.5367703694518,797.2659756084674,18.58027282207643,-6.296257521470871,0.1745,1.0,0.0,0.0,-5.987077090412964
309,779.381137709581,796.6407614966178,18.307073980508974,-6.208024715521947,0.1745,1.0,0.0,0.0,-5.991729562731183
310,781.1987153113522,796.0228616176353,18.044478054914276,-6.149972864127004,0.1745,1.0,0.0,0.0,-6.022915177655793
311,782.990460587477,795.4094964968775,17.790427467580667,-6.117329551028624,0.1745,1.0,0.0,0.0,-6.077583684756488
312,784.7571437837074,794.7983205006918,17.54323645702907,-6.106190372686067,0.1745,1.0,0.0,0.0,-6.153171231667409
313,786.4993811025371,794.1873441027185,17.301509919564467,-6.113337586779597,0.1745,1.0,0.0,0.0,-6.247522165852082
314,788.2176607274097,793.5748721001144,17.064082577887156,-6.136102465303158,0.1745,1.0,0.0,0.0,-6.358825006845965
315,789.9123634909299,792.9594540114997,16.82997269251761,-6.172259306989806,0.1745,1.0,0.0,0.0,-6.485559721269495
316,791.5960146312462,792.3268689791547,16.84305011380855,-6.479441339910458,0.0,1.0,0.0,0.0,-6.80060513577626
317,793.2806109302876,791.6653238475039,16.848875867019473,-6.751461293105212,0.0,1.0,0.0,0.0,-7.07847279594112
318,794.9654541197038,790.978153502386,16.847987921306093,-6.991945609252061,0.0,1.0,0.0,0.0,-7.324034432841723
319,796.6569743546271,790.252737539048,16.982416777157756,-7.516373657507982,-0.1745,1.0,0.0,0.0,-7.79068482104703
320,798.3541388344432,789.4939332602214,16.960872819164056,-7.659711919024623,0.0,1.0,0.0,0.0,-7.941408047127361
321,800.0570549694539,788.7054629722792,17.09744988105066,-8.109693839820151,-0.1745,1.0,0.0,0.0,-8.315963422200932
322,801.7736916199042,787.8746562438665,17.235283127953327,-8.506440728432748,-0.1745,1.0,0.0,0.0,-8.628059786115278
323,803.5041585372899,787.0066165973667,17.37405521976041,-8.854352201562987,-0.1745,1.0,0.0,0.0,-8.88561800136771
324,805.248539144286,786.1060076153115,17.513556920162927,-9.15782743954125,-0.1745,1.0,0.0,0.0,-9.095731184278247
325,807.0069000415718,785.1770576719894,17.653661025554065,-9.421171426899887,-0.1745,1.0,0.0,0.0,-9.264697430034403
326,808.779298136733,784.22357320187,17.794300877668746,-9.64851797548806,-0.1745,1.0,0.0,0.0,-9.398071981734484
327,810.5657858322273,783.2489587168616,17.93545303221778,-9.843771724678628,-0.1745,1.0,0.0,0.0,-9.500729285283763
328,812.3664146640582,782.2562416937099,18.077123604399606,-10.010568738356083,-0.1745,1.0,0.0,0.0,-9.57692860865191
329,814.181237733063,781.2481005695911,18.219337775695944,-10.152253744018612,-0.1745,1.0,0.0,0.0,-9.630379192474651
330,816.0103112189036,780.2268943188261,18.36213194111544,-10.271871271281396,-0.1745,1.0,0.0,0.0,-9.66430247971542
331,817.8512331823463,779.1951264086426,18.456307327738266,-10.363486932389,-0.1745,0.5,0.0,0.0,-9.697082739332858
332,819.7040539757489,778.1544937130145,18.60010854031447,-10.449166980173802,-0.1745,1.0,0.0,0.0,-9.701796556348052
333,821.5712898358543,777.1060412995288,18.744608661792732,-10.519881289541617,-0.1745,1.0,0.0,0.0,-9.693995147057423
334,823.4530126695644,776.0511674010982,18.88984801240946,-10.577596679070417,-0.1745,1.0,0.0,0.0,-9.67551553319038
335,825.3492982214012,774.9910853043849,19.035863024326833,-10.624045255195517,-0.1745,1.0,0.0,0.0,-9.647940987632706
336,827.260225657668,773.9268457359809,19.182685701007795,-10.660746112884544,-0.1745,1.0,0.0,0.0,-9.612634952690357
337,829.1858771151734,772.8593570868376,19.33034344909945,-10.689026869982877,-0.1745,1.0,0.0,0.0,-9.570770786585806
338,831.1238752118472,771.7898375636355,19.42961848437674,-10.701363594059456,-0.1745,0.5,0.0,0.0,-9.537889767198473
339,833.0742922886884,770.7188470853883,19.578723052446577,-10.718445970883138,-0.1745,1.0,0.0,0.0,-9.487542600532407
340,835.0396641198471,769.6464338849975,19.728713570725997,-10.729818036935656,-0.1745,1.0,0.0,0.0,-9.432984102498954
341,837.0200799171251,768.5731290372706,19.879602374835272,-10.736278917601775,-0.1745,1.0,0.0,0.0,-9.374894319940578
342,839.015629958314,767.4993890903802,20.03139844894221,-10.738520020207291,-0.1745,1.0,0.0,0.0,-9.313857690987682
343,841.0239432370827,766.426040186969,20.13486712643117,-10.728458048017455,-0.1745,0.5,0.0,0.0,-9.263930367589175
344,843.0450969641979,765.3533021267314,20.288207415873863,-10.726303156735273,-0.1745,1.0,0.0,0.0,-9.200133412064606
345,845.0816304672214,764.2809293890515,20.44246264459744,-10.721151596863235,-0.1745,1.0,0.0,0.0,-9.134420447710106
346,847.1336352527092,763.2092001100606,20.597633065157666,-10.713433982955713,-0.1745,1.0,0.0,0.0,-9.067149884716954
347,849.2012027579834,762.138352330608,20.753717040327423,-10.703521606095459,-0.1745,1.0,0.0,0.0,-8.998629899934937
348,851.2819621412968,761.0690235632485,20.86147062594,-10.683053741095183,-0.1745,0.5,0.0,0.0,-8.941658613999032
349,853.3759901362836,760.0012711659431,21.01908927379523,-10.671994205012805,-0.1745,1.0,0.0,0.0,-8.873050080397242
350,855.4858249651404,758.9347097971282,21.17760730334135,-10.659233171285289,-0.1745,1.0,0.0,0.0,-8.803609744892766
351,857.6090942310213,757.869930968672,21.28777801427769,-10.636343397840221,-0.1745,0.5,0.0,0.0,-8.745492457589508
352,859.7458730201491,756.8069526734313,21.44779776827793,-10.623222506972018,-0.1745,1.0,0.0,0.0,-8.676612542436303
353,861.8813138101938,755.7714479036279,21.261018032615677,-10.086872889096407,0.0,0.5,0.0,0.0,-8.339249534672925
354,864.0129203994751,754.7598082750105,21.37111375301037,-10.145919683249952,-0.1745,0.5,0.0,0.0,-8.345112300002866
355,866.1416396828229,753.767914738145,21.20327191394466,-9.691951054059908,0.0,0.5,0.0,0.0,-8.05568409118431
356,868.2569423584033,752.8173404163374,21.10278159766342,-9.319535382093246,0.0,1.0,0.0,0.0,-7.7988646514577376
357,870.362872495356,751.9008527318234,21.01582114138984,-9.010218308186147,0.0,1.0,0.0,0.0,-7.5826924278067995
358,872.458147749658,751.0127226053543,20.889683944650134,-8.752384221197117,0.0,0.5,0.0,0.0,-7.417899416099831
359,874.5226969999285,750.1678854121217,20.40130106075929,-8.14435964345533,0.1745,1.0,0.0,0.0,-7.079678144298388
360,876.5412196887652,749.377263328049,19.969152715973554,-7.668082037997341,0.1745,1.0,0.0,0.0,-6.81640996868995
361,878.5186786195779,748.6291193351373,19.58002590028101,-7.294797820238596,0.1745,1.0,0.0,0.0,-6.616852999687351
362,880.458898215196,747.9142085425129,19.22436601207861,-7.003418032247471,0.1745,1.0,0.0,0.0,-6.4717817133415645
363,882.3807254030078,747.2084770403463,19.21217774415763,-7.111212011084179,0.0,1.0,0.0,0.0,-6.5751867397053845
364,884.2826908105421,746.5088486365286,18.827130406528525,-6.881356065270472,0.1745,0.5,0.0,0.0,-6.493916123688685
365,886.1649949430824,745.8136787316284,18.818952244276467,-7.022042032731349,0.0,1.0,0.0,0.0,-6.628726316766236
366,888.0463003568234,745.1053026899522,18.807156030542508,-7.145478800793514,0.0,1.0,0.0,0.0,-6.748246348326026
367,889.9262648112089,744.3853351755532,18.792133057165586,-7.2538714871857914,0.0,1.0,0.0,0.0,-6.854611000495378
368,891.8020833748334,743.6551827793268,18.724238215324167,-7.3491764373437745,0.0,0.5,0.0,0.0,-6.967794715401534
369,893.6574887308055,742.9318974194742,18.383868904119787,-7.116530759707257,0.1745,1.0,0.0,0.0,-6.874714270270862
370,895.4952074422035,742.2137020408246,18.37050532383994,-7.247376813285289,0.0,1.0,0.0,0.0,-7.003640290849047
371,897.3314162114762,741.4832117103509,18.35367006161291,-7.362429796187774,0.0,1.0,0.0,0.0,-7.118601884864741
372,899.1657865854515,740.7419040277623,18.333737417894564,-7.463723855584641,0.0,1.0,0.0,0.0,-7.221565645742389
373,900.9955257128261,739.9910648164146,18.26104512959541,-7.553060371369111,0.0,0.5,0.0,0.0,-7.333532930953378
374,902.8286612405425,739.2135327487551,18.40166542473342,-7.997580981818348,-0.1745,1.0,0.0,0.0,-7.6899318497715345
375,904.666914757287,738.4129262181715,18.36340491015765,-8.014549629854926,0.0,1.0,0.0,0.0,-7.721208661648827
376,906.5103774180309,737.592021318921,18.505848304719432,-8.403548355156563,-0.1745,1.0,0.0,0.0,-8.016514611280133
377,908.358413978314,736.7537875034557,18.454882900943314,-8.361127954148815,0.0,1.0,0.0,0.0,-7.999733860578639
378,910.2110843901914,735.9003814965286,18.598525336604162,-8.706992184392373,-0.1745,1.0,0.0,0.0,-8.24938503091741
379,912.0781807921101,735.0146391682778,18.743402701767234,-9.007854380622643,-0.1745,1.0,0.0,0.0,-8.45294592607206
380,913.9573550621709,734.1012687415347,18.8400826994506,-9.259554154239375,-0.1745,0.5,0.0,0.0,-8.629781795048675
381,915.8486932709525,733.1640025872122,18.98668147618167,-9.485768932210739,-0.1745,1.0,0.0,0.0,-8.76077146466016
382,917.7547331445824,732.2057335072789,19.134115996415616,-9.67961266645552,-0.1745,1.0,0.0,0.0,-8.86167771366199
383,919.6755562067453,731.2295116469078,19.28234524684451,-9.844824540965751,-0.1745,1.0,0.0,0.0,-8.936690954079406
384,921.6112410811895,730.2380290230126,19.431352242038923,-9.98482793693743,-0.1745,1.0,0.0,0.0,-8.989463449709715
385,923.5618654764892,729.2336512886773,19.581135663953905,-10.102726749768456,-0.1745,1.0,0.0,0.0,-9.023169032677217
386,925.5275074456125,728.2184493661833,19.731703718513405,-10.201311700111193,-0.1745,1.0,0.0,0.0,-9.0405590464232
387,927.5082461183504,727.1942300853513,19.88306973624465,-10.283073916530496,-0.1745,1.0,0.0,0.0,-9.04401374985787
388,929.5017000272398,726.1629992584477,19.9860084415452,-10.34154262154103,-0.1745,0.5,0.0,0.0,-9.048820366313313
389,931.5079376257511,725.1260080780681,20.138743528679626,-10.39828098605052,-0.1745,1.0,0.0,0.0,-9.032029832651018
390,933.5294907069313,724.083905742684,20.292318094923736,-10.44376572163112,-0.1745,1.0,0.0,0.0,-9.006386533150968
391,935.5664438602178,723.0377407403365,20.446744970805835,-10.479534325318903,-0.1745,1.0,0.0,0.0,-8.973242622192561
392,937.618882836925,721.9884175842615,20.60203456333846,-10.506928796180995,-0.1745,1.0,0.0,0.0,-8.933760957924257
393,939.6868942993646,720.9367152854454,20.75819468545336,-10.527117180141165,-0.1745,1.0,0.0,0.0,-8.888940901742249
394,941.7705655619667,719.8833037415645,20.915230566589535,-10.541113697475803,-0.1745,1.0,0.0,0.0,-8.839640812186742
395,943.8699843391189,718.828758194381,21.073144976453673,-10.549797246196468,-0.1745,1.0,0.0,0.0,-8.786597597090703
396,945.9852385086318,717.773571922181,21.231938413804485,-10.553928197803323,-0.1745,1.0,0.0,0.0,-8.730443665472334
397,948.1164158956725,716.7181673378577,21.391609327008478,-10.554163488661729,-0.1745,1.0,0.0,0.0,-8.671721593526083
398,950.2488825422347,715.6888316225721,21.257723604234297,-10.032550817050907,0.0,1.0,0.0,0.0,-8.324778375570446
399,952.3689912238308,714.7070401423152,21.144450027687228,-9.603278788087765,0.0,1.0,0.0,0.0,-8.032714367327337
400,954.478579234529,713.7644776275987,21.047310186276523,-9.247971506243317,0.0,1.0,0.0,0.0,-7.786831232902413
401,956.5790931592453,712.8544497877326,20.962968308049927,-8.952585291078572,0.0,1.0,0.0,0.0,-7.579911599319323
402,958.6716860806213,711.9715109193946,20.888890119469412,-8.706192075681066,0.0,1.0,0.0,0.0,-7.405940900186415
403,960.7572864674044,711.1111933068896,20.823117616192974,-8.500160174419598,0.0,1.0,0.0,0.0,-7.259888279315387
404,962.813736831799,710.2889573027234,20.305889671701266,-7.9445599089045995,0.1745,0.5,0.0,0.0,-6.96789056516195
405,964.8210701364272,709.516050077356,19.840776420863182,-7.513584598442548,0.1745,0.5,0.0,0.0,-6.749788197300597
406,966.7863546760962,708.7817747585318,19.46491437251541,-7.171921778042106,0.1745,1.0,0.0,0.0,-6.570539149692629
407,968.7155857460133,708.0778827130998,19.119707025826294,-6.905919130596728,0.1745,1.0,0.0,0.0,-6.442848062125883
408,970.6115084324364,707.3975269358268,18.798746702635178,-6.701196414862469,0.1745,1.0,0.0,0.0,-6.359594492926219
409,972.4763022261722,706.7351350325056,18.497129172079354,-6.546641651562306,0.1745,1.0,0.0,0.0,-6.314859726767169
410,974.3117102791192,706.0861264613433,18.21103188686159,-6.433529771684133,0.1745,1.0,0.0,0.0,-6.303705390266475
411,976.119133275176,705.4467041140351,17.937428034272763,-6.354917174479542,0.1745,1.0,0.0,0.0,-6.3219988432644065
412,977.8996990543839,704.8136975154325,17.673887549885666,-6.305214797572231,0.1745,1.0,0.0,0.0,-6.366274058957359
413,979.6650046081012,704.1702518294755,17.632223524459924,-6.563698921568303,0.0,0.5,0.0,0.0,-6.640377807584839
414,981.4283388853086,703.5023813927335,17.63446201968733,-6.793709813272511,0.0,1.0,0.0,0.0,-6.8681196768591
415,983.1916110777088,702.8128775829753,17.630981828316205,-6.996366381892276,0.0,1.0,0.0,0.0,-7.0692819783214675
416,984.9542754190793,702.1043186317308,17.62230499909448,-7.174812642996239,0.0,1.0,0.0,0.0,-7.247455599534094
417,986.7133372117338,701.378981991502,17.55893085399638,-7.3319201615818494,0.0,0.5,0.0,0.0,-7.4259886389671195
418,988.4683550434496,700.6387609725803,17.541425780318793,-7.472500216851877,0.0,1.0,0.0,0.0,-7.569622137406239
419,990.2214295135897,699.885314675905,17.520063622482255,-7.596425716653789,0.0,1.0,0.0,0.0,-7.6982918475555575
420,991.9721950206942,699.1202026987211,17.495246519608852,-7.705813827024631,0.0,1.0,0.0,0.0,-7.814115983710897
421,993.7203242943796,698.3447846466719,17.467338954096753,-7.802547213960072,0.0,1.0,0.0,0.0,-7.9189325601506235
422,995.4655246641933,697.5602426960212,17.43666844217791,-7.888291799053624,0.0,1.0,0.0,0.0,-8.014333965130572
423,997.2075344431006,696.7676023342942,17.403527135968243,-7.964515435485956,0.0,1.0,0.0,0.0,-8.101698025947584
424,998.9461195003927,695.9677512280122,17.368174009873027,-8.032506690155236,0.0,1.0,0.0,0.0,-8.182215691243636
425,1000.6898761680087,695.1444227894292,17.506959342446567,-8.434062081503244,-0.1745,1.0,0.0,0.0,-8.49791684716749
426,1002.4475665631196,694.2834119078009,17.646848559770962,-8.78615555106378,-0.1745,1.0,0.0,0.0,-8.758711705680785
427,1004.2192892982378,693.3894414846777,17.787606142591002,-9.093252911399754,-0.1745,1.0,0.0,0.0,-8.971719770623586
428,1006.0051237419069,692.466792828963,17.929082730792636,-9.359720202894453,-0.1745,1.0,0.0,0.0,-9.143270408228615
429,1007.8051375242298,691.5193194479175,18.071192915665353,-9.589747418015145,-0.1745,1.0,0.0,0.0,-9.278952194251396
430,1009.6193920365025,690.5504675337048,18.21389732978832,-9.787290866237589,-0.1745,1.0,0.0,0.0,-9.383673005180954
431,1011.4479463290529,689.5633012919812,18.357188521219502,-9.956033968233417,-0.1745,1.0,0.0,0.0,-9.46172433370872
432,1013.290859758775,688.5605313620626,18.501080073222983,-10.099364630139643,-0.1745,1.0,0.0,0.0,-9.516845627601313
433,1015.1481936840422,687.5445448048197,18.64559843212018,-10.220366514719974,-0.1745,1.0,0.0,0.0,-9.552286064517174
434,1017.0200124524031,686.5174354156859,18.790776935096115,-10.321821267954782,-0.1745,1.0,0.0,0.0,-9.570862275486931
435,1018.9063838781503,685.4810334086181,18.93665157984852,-10.406218873400801,-0.1745,1.0,0.0,0.0,-9.575011265513801
436,1020.8073793641261,684.4369337834273,19.083258139665983,-10.475773630416795,-0.1745,1.0,0.0,0.0,-9.566838261028039
437,1022.7230737857449,683.3865229184718,19.230630292710913,-10.532443668694798,-0.1745,1.0,0.0,0.0,-9.548159519817222
438,1024.6535452252306,682.3310031178859,19.378798497004652,-10.577952343023593,-0.1745,1.0,0.0,0.0,-9.520540325395539
439,1026.5988746200405,681.271414988084,19.527789399194212,-10.613810253014828,-0.1745,1.0,0.0,0.0,-9.48532849355974
440,1028.5591453706925,680.2086576264503,19.677625613844164,-10.641336979658838,-0.1745,1.0,0.0,0.0,-9.443683771121394
441,1030.5344429389006,679.1435066816558,19.828325750319735,-10.661681916230467,-0.1745,1.0,0.0,0.0,-9.396603524112424
442,1032.5223924225788,678.0770644353958,19.930663923245863,-10.667163008971158,-0.1745,0.5,0.0,0.0,-9.358701874816415
443,1034.5230680319344,677.009789944148,20.08284826386686,-10.678326815983969,-0.1745,1.0,0.0,0.0,-9.304918089809176
444,1036.536544763353,675.9420778838611,20.186686364506574,-10.675914389755233,-0.1745,0.5,0.0,0.0,-9.261063864035808
445,1038.562898187427,674.8742670430752,20.34038211696993,-10.68030242596218,-0.1745,1.0,0.0,0.0,-9.202594848554707
446,1040.604666266819,673.8062141782774,20.494979470873595,-10.680754869992569,-0.1745,1.0,0.0,0.0,-9.141452406538942
447,1042.6619392753062,672.7382847119159,20.650480698869348,-10.67783445723855,-0.1745,1.0,0.0,0.0,-9.078105749850726
448,1044.7348076035094,671.670791650274,20.806885865193202,-10.67202677559866,-0.1745,1.0,0.0,0.0,-9.012957951334702
449,1046.8233615523363,670.6040027823241,20.964193111347903,-10.663750583401795,-0.1745,1.0,0.0,0.0,-8.946355313726414
450,1048.9276911536178,669.5381469102681,21.12239891428295,-10.653366857717327,-0.1745,1.0,0.0,0.0,-8.878595427934892
451,1051.0330646573757,668.4989107217657,20.985071160871957,-10.131356912329654,0.0,1.0,0.0,0.0,-8.532316983494457
452,1053.1232491166138,667.5072436263952,20.818618023890927,-9.701984995080332,0.0,0.5,0.0,0.0,-8.259282380834371
453,1055.195110419331,666.5546661421798,20.618608030456294,-9.349564689226831,0.0,0.0,0.0,0.0,-8.052346656088757
454,1057.252624602389,665.6340804270345,20.531675630701976,-9.062149613678677,0.0,1.0,0.0,0.0,-7.851671207066726
455,1059.299452061133,664.7398481872679,20.404873544178777,-8.822495181654084,0.0,0.5,0.0,0.0,-7.701071312752051
456,1061.3365150896466,663.8674818590843,20.33638702609273,-8.624831382017314,0.0,1.0,0.0,0.0,-7.561983548511407
457,1063.3670598324225,663.0132703701145,20.27450782942424,-8.459398397377377,0.0,1.0,0.0,0.0,-7.445883570106149
458,1065.3891877434303,662.174258220216,20.168050390733924,-8.320844600592684,0.0,0.5,0.0,0.0,-7.366792367315234
459,1067.4033989606944,661.3478498288914,20.116173954549918,-8.207323225897682,0.0,1.0,0.0,0.0,-7.2889427064470365
460,1069.3935226240255,660.5502016169783,19.68629931207357,-7.745641012365972,0.1745,1.0,0.0,0.0,-7.038852323280837
461,1071.3604740794176,659.7761691153462,19.65272979576717,-7.735009020274468,0.0,1.0,0.0,0.0,-7.041627818227333
462,1073.3240876298976,659.0030481663815,19.619541213830228,-7.727409959018615,0.0,1.0,0.0,0.0,-7.0469546780938055
463,1075.284396935134,658.230556962049,19.58664489089741,-7.722414127631649,0.0,1.0,0.0,0.0,-7.054495492297477
464,1077.241427427836,657.458453486941,19.553964963141443,-7.719655374527758,0.0,1.0,0.0,0.0,-7.063961944593178
465,1079.1776670322536,656.7038475357982,19.17082712521183,-7.372463648327772,0.1745,1.0,0.0,0.0,-6.886994180313112
466,1081.0936529472472,655.9634596783796,19.148891174661006,-7.435293500042989,0.0,1.0,0.0,0.0,-6.952239907431967
467,1083.0073610682934,655.2171464925068,19.12527124626272,-7.4909702174150405,0.0,1.0,0.0,0.0,-7.011589228353509
468,1084.9161323879714,654.4655737667789,19.050155147298405,-7.540484297143283,0.0,0.5,0.0,0.0,-7.083827973555573
469,1086.8173308642417,653.7091986319958,18.97381437810958,-7.587018398517561,0.0,0.5,0.0,0.0,-7.154169832653661
470,1088.7133378341268,652.9482966309147,18.946325019590276,-7.631021623104287,0.0,1.0,0.0,0.0,-7.204668738190998
471,1090.5897894405002,652.1995600842785,18.58270710787534,-7.343709309620597,0.1745,1.0,0.0,0.0,-7.074376753361365
472,1092.4312120783568,651.4762486139442,18.245745649254268,-7.122520097065047,0.1745,1.0,0.0,0.0,-6.991257475517861
473,1094.255124813525,650.7571867294699,18.232509054111286,-7.258717592420268,0.0,1.0,0.0,0.0,-7.125936568266016
474,1096.0775328360075,650.0253255641923,18.21565139553612,-7.378505713133818,0.0,1.0,0.0,0.0,-7.246017765845037
475,1097.898093382812,649.2822010291245,18.195559540555315,-7.483984988220527,0.0,1.0,0.0,0.0,-7.353553952546155
476,1099.7165005346967,648.5291508382772,18.172583497137836,-7.577018828725807,0.0,1.0,0.0,0.0,-7.45032600451657
477,1101.5299815750875,647.7673372612179,18.097037310678836,-7.6592527124601935,0.0,0.5,0.0,0.0,-7.557664128831794
478,1103.33829847254,646.997653122137,18.069300638369526,-7.734430069158704,0.0,1.0,0.0,0.0,-7.639617879512681
479,1105.1437362121,646.2208698815175,18.03945415283365,-7.80123474323073,0.0,1.0,0.0,0.0,-7.714576737991279
480,1106.946095095823,645.4377675514717,18.007723521627344,-7.860811857686846,0.0,1.0,0.0,0.0,-7.783573026139514
481,1108.7451966160008,644.6490189482872,17.974306881930175,-7.914160206002015,0.0,1.0,0.0,0.0,-7.847497578995197
482,1110.5408808343211,643.8552034906885,17.939377484474402,-7.962148945973396,0.0,1.0,0.0,0.0,-7.90711871315283
483,1112.3418575317799,643.0389227935847,18.08015646470215,-8.363464996102518,-0.1745,1.0,0.0,0.0,-8.21860040678487
484,1114.1569811991662,642.1850053181313,18.222316883027162,-8.714884512965874,-0.1745,1.0,0.0,0.0,-8.47588182089544
485,1115.9863764559407,641.2982107422752,18.365588252462686,-9.021007004156026,-0.1745,1.0,0.0,0.0,-8.685988453248465
486,1117.8193844138214,640.4021546991436,18.294570905151474,-8.900113858474889,0.0,1.0,0.0,0.0,-8.61069006238688
487,1119.6535685658544,639.4984880144278,18.389112135507784,-9.173219835839724,-0.1745,0.5,0.0,0.0,-8.810053013768702
488,1121.4972375546702,638.5693259564463,18.484267640807886,-9.4100213237911,-0.1745,0.5,0.0,0.0,-8.974037811160574
489,1123.35290990188,637.6176662943543,18.629179303386334,-9.623171918047195,-0.1745,1.0,0.0,0.0,-9.093146946014448
490,1125.2231090093728,636.6462286258934,18.774802846471953,-9.805581451170996,-0.1745,1.0,0.0,0.0,-9.183713149175597
491,1127.1079053459077,635.6579081508174,18.92112388422536,-9.96082805034901,-0.1745,1.0,0.0,0.0,-9.24972373345685
492,1129.00736887482,634.6552577723735,19.068146694022733,-10.092179518529118,-0.1745,1.0,0.0,0.0,-9.294649133809145
493,1130.9215705590088,633.6405191828775,19.215886989752473,-10.202592271390213,-0.1745,1.0,0.0,0.0,-9.321501869638988
494,1132.8505832428843,632.6156535966569,19.36436668775968,-10.29471945302044,-0.1745,1.0,0.0,0.0,-9.332891221563381
495,1134.794482088714,631.5823713444217,19.513610228833155,-10.37092559168325,-0.1745,1.0,0.0,0.0,-9.331073093959683
496,1136.7508826708631,630.5425938272757,19.614401414148197,-10.424624751237662,-0.1745,0.5,0.0,0.0,-9.331870457285568
497,1138.7173890610761,629.4979320268683,19.715726390109996,-10.468611256911249,-0.1745,0.5,0.0,0.0,-9.324761463838048
498,1140.694055369263,628.4492910180015,19.81759977362486,-10.504208920424862,-0.1745,0.5,0.0,0.0,-9.310894629322872
499,1142.6833991265985,627.3970180064341,19.969275373087335,-10.541251310923663,-0.1745,1.0,0.0,0.0,-9.277669339163687
500,1144.6854910535696,626.34190107804,20.072563166335325,-10.56108725695803,-0.1745,0.5,0.0,0.0,-9.251323494640074
501,1146.7004031064002,625.2846188675235,20.225677890275108,-10.584556953373154,-0.1745,1.0,0.0,0.0,-9.207762495262962
502,1148.7306703227387,624.2253217113225,20.379666436494762,-10.60138617064666,-0.1745,1.0,0.0,0.0,-9.15928804106414
503,1150.7763805013765,623.1646270170515,20.53453713626089,-10.612507714772535,-0.1745,1.0,0.0,0.0,-9.10669140731295
504,1152.837622130654,622.1030651560799,20.690295449287184,-10.618729504660234,-0.1745,1.0,0.0,0.0,-9.050652163114854
505,1154.9120220811951,621.0415252077204,20.797703561535712,-10.612069462530332,-0.1745,0.5,0.0,0.0,-9.004274846256013
506,1156.999655475015,619.980281543084,20.954964314864686,-10.612803830199411,-0.1745,1.0,0.0,0.0,-8.94468009437239
507,1159.1030593904643,618.919134992462,21.11311399411957,-10.610127182240634,-0.1745,1.0,0.0,0.0,-8.882885420027417
508,1161.2223225980904,617.8584018692746,21.27215015840383,-10.60453528150537,-0.1745,1.0,0.0,0.0,-8.819299077700864
509,1163.3427546024736,616.8240899842776,21.136489929262492,-10.081702418434253,0.0,1.0,0.0,0.0,-8.47203862546383
510,1165.450659697664,615.8374271459952,21.021611974544044,-9.651554347213477,0.0,1.0,0.0,0.0,-8.179758218609349
511,1167.5478901248755,614.8900685607517,20.922996569689253,-9.295617357655715,0.0,1.0,0.0,0.0,-7.933753341015071
512,1169.6359038750684,613.9752985808656,20.83727843416916,-8.999782240067425,0.0,1.0,0.0,0.0,-7.726799930246392
513,1171.713362877298,613.087655667493,20.711901610425592,-8.753076027384303,0.0,0.5,0.0,0.0,-7.5701535780470985
514,1173.7787082620555,612.2225288096919,20.59500608472189,-8.549461128638143,0.0,0.5,0.0,0.0,-7.443320100963955
515,1175.830206624151,611.3759785633891,20.43496115719006,-8.381543797416871,0.0,0.0,0.0,0.0,-7.359010581172827
516,1177.8709841390419,610.5446059163845,20.380589140625883,-8.24590914267611,0.0,1.0,0.0,0.0,-7.264171942620034
517,1179.8870987843902,609.7444794673062,19.941703766341654,-7.756619838891671,0.1745,1.0,0.0,0.0,-6.994595968495031
518,1181.879546295679,608.9700354375623,19.907246459431367,-7.732260755987229,0.0,1.0,0.0,0.0,-6.985542899457848
519,1183.8685870705006,608.1977796115037,19.873569037003726,-7.712855765184095,0.0,1.0,0.0,0.0,-6.980520433986141
520,1185.8542917816706,607.427252487423,19.840525186395876,-7.6976867164306215,0.0,1.0,0.0,0.0,-6.9789732293024205
521,1187.8367175709343,606.6580609707031,19.807990598879655,-7.686143617965639,0.0,1.0,0.0,0.0,-6.980427021423294
522,1189.8134100722525,605.8898684027797,19.72585942748368,-7.677707740501572,0.0,0.5,0.0,0.0,-7.0015746471332205
523,1191.781910689024,605.1222671289153,19.644152907945475,-7.674317736786545,0.0,0.5,0.0,0.0,-7.027188840843046
524,1193.727219351356,604.3722413218862,19.262020338698388,-7.326198403793577,0.1745,1.0,0.0,0.0,-6.847944418745472
525,1195.6358892215019,603.6531645838397,18.911377064219327,-7.055336357137243,0.1745,1.0,0.0,0.0,-6.72107655237784
526,1197.5107381310604,602.9580499769637,18.585601126949864,-6.846955780382649,0.1745,1.0,0.0,0.0,-6.639374682371607
527,1199.3539999225,602.2812189656108,18.27963470184329,-6.689664446674176,0.1745,1.0,0.0,0.0,-6.596845131757369
528,1201.181854034527,601.6028610687665,18.27744753870141,-6.877493490212045,0.0,1.0,0.0,0.0,-6.778709705107718
529,1202.994530357477,600.9220369030794,17.97607892029639,-6.738989823530948,0.1745,1.0,0.0,0.0,-6.7546801942289045
530,1204.791998626345,600.2384001917275,17.97328645706481,-6.933744403507941,0.0,1.0,0.0,0.0,-6.945475667854363
531,1206.574403403712,599.5511964107475,17.67480909027296,-6.810331216091952,0.1745,1.0,0.0,0.0,-6.937785063784576
532,1208.3416852345704,598.8602151957062,17.67082752689493,-7.009293084732526,0.0,1.0,0.0,0.0,-7.135073197764392
533,1210.1058133255542,598.150527664401,17.611734292782643,-7.184457541371908,0.0,0.5,0.0,0.0,-7.329660713939732
534,1211.8663061681157,597.4242624765944,17.598122558446544,-7.340846214758908,0.0,1.0,0.0,0.0,-7.487418247477412
535,1213.6252271211108,596.6832906372317,17.580296501457514,-7.478590572494425,0.0,1.0,0.0,0.0,-7.628178275548601
536,1215.382176396378,595.9293601216883,17.55868900389038,-7.600019738373019,0.0,1.0,0.0,0.0,-7.754323714453996
537,1217.136795634975,595.1639984117921,17.53369576804728,-7.707214459549863,0.0,1.0,0.0,0.0,-7.867925565062906
538,1218.8887641694862,594.388536521172,17.505674922174723,-7.802023352853356,0.0,1.0,0.0,0.0,-7.970780415703161
539,1220.6462733917026,593.5870278776051,17.644509522155467,-8.228149518483542,-0.1745,1.0,0.0,0.0,-8.313111497024622
540,1222.4177338384447,592.7454928817793,17.78469941268639,-8.602550398031035,-0.1745,1.0,0.0,0.0,-8.5972117706409
541,1224.2032661606602,591.8688774176198,17.92594703162,-8.929758885158405,-0.1745,1.0,0.0,0.0,-8.830542433708414
542,1226.0029662328207,590.9616775528211,18.06805441158975,-9.214238410815721,-0.1745,1.0,0.0,0.0,-9.019763968672887
543,1227.8169138799408,590.0279506100514,18.210898530810965,-9.460300444578715,-0.1745,1.0,0.0,0.0,-9.170776544850487
544,1229.6451793704712,589.0713336008915,18.35441127979457,-9.672039738618794,-0.1745,1.0,0.0,0.0,-9.288775243683725
545,1231.4853660764395,588.0955012448236,18.449322839572226,-9.844607382741088,-0.1745,0.5,0.0,0.0,-9.393124215660999
546,1233.3375247014353,587.103218592123,18.5938496603433,-10.001045671271296,-0.1745,1.0,0.0,0.0,-9.460080287951763
547,1235.2041681511034,586.096490509672,18.739019333017506,-10.133515977749335,-0.1745,1.0,0.0,0.0,-9.505724002884607
548,1237.0853619670766,585.0775662349236,18.884856986444046,-10.244969517220213,-0.1745,1.0,0.0,0.0,-9.533092568045511
549,1238.981174468795,584.048414880866,19.03139304792481,-10.338057563930763,-0.1745,1.0,0.0,0.0,-9.544816608920781
550,1240.8916771024387,583.0107547474634,19.178659624952807,-10.415145104120494,-0.1745,1.0,0.0,0.0,-9.543170549049378
551,1242.8169444874857,581.9660810418351,19.326688075988095,-10.478329008443986,-0.1745,1.0,0.0,0.0,-9.530117954283575
552,1244.7545922310046,580.9161256881673,19.426266794391896,-10.52077806491161,-0.1745,0.5,0.0,0.0,-9.521639345472243
553,1246.7046866456294,579.8618985937912,19.575621498104866,-10.563763822609195,-0.1745,1.0,0.0,0.0,-9.492382150939111
554,1248.6672961859247,578.804272970125,19.676569307799852,-10.5887486507165,-0.1745,0.5,0.0,0.0,-9.469863002335071
555,1250.6424910667715,577.7440017984338,19.827328309137048,-10.616674783106028,-0.1745,1.0,0.0,0.0,-9.428913307029696
556,1252.6328050836091,576.6813003409789,19.978952027617254,-10.637354365993284,-0.1745,1.0,0.0,0.0,-9.38249256780318
557,1254.6383253754677,575.6168427910163,20.13145380955519,-10.651796633258247,-0.1745,1.0,0.0,0.0,-9.331465702764707
558,1256.659140247092,574.5512091204482,20.284843622930616,-10.66087677810437,-0.1745,1.0,0.0,0.0,-9.276575889729514
559,1258.695338846003,573.484897657411,20.439128355292258,-10.665352482639529,-0.1745,1.0,0.0,0.0,-9.218461549271238
560,1260.7470108703214,572.4183360933205,20.594312131075625,-10.665878799172086,-0.1745,1.0,0.0,0.0,-9.15767103271383
561,1262.8142463082338,571.3518910817266,20.750396627173604,-10.663021432704964,-0.1745,1.0,0.0,0.0,-9.094675303554842
562,1264.8971352082688,570.2858765844244,20.90738137352357,-10.657268513339826,-0.1745,1.0,0.0,0.0,-9.029878870573723
563,1266.9957674784991,569.2205611102526,21.0652640310827,-10.649040970096822,-0.1745,1.0,0.0,0.0,-8.963629201984824
564,1269.110232712225,568.1561739803159,21.22404064343783,-10.63870162863712,-0.1745,1.0,0.0,0.0,-8.896224823054013
565,1271.238158003767,567.0933447803587,21.334465187402415,-10.617882370505386,-0.1745,0.5,0.0,0.0,-8.83978868563289
566,1273.379618031898,566.0321242724015,21.494735375216997,-10.606527788639594,-0.1745,1.0,0.0,0.0,-8.772433849354053
567,1275.537148865291,564.972121154981,21.655881292644352,-10.593534559769896,-0.1745,1.0,0.0,0.0,-8.704320873871389
568,1277.7108376895474,563.913486848541,21.817895192480282,-10.579151569029895,-0.1745,1.0,0.0,0.0,-8.635652329056619
569,1279.9007708715105,562.856349605292,21.980768446781326,-10.563593295948515,-0.1745,1.0,0.0,0.0,-8.566602355026788
570,1282.107033877687,561.8008177086863,22.144491676746945,-10.547044636167184,-0.1745,1.0,0.0,0.0,-8.497320712248023
571,1284.3147207871436,560.7743818102962,22.009246512388742,-9.981673331634541,0.0,1.0,0.0,0.0,-8.123691269186274
572,1286.5099926683408,559.7994409251448,21.89619111155482,-9.517144371392456,0.0,1.0,0.0,0.0,-7.809055546028141
573,1288.694822416055,558.8669298576349,21.80040384273015,-9.133076978806768,0.0,1.0,0.0,0.0,-7.543932318253592
574,1290.8707550621266,557.9695766832903,21.718249078698406,-8.813986508085241,0.0,1.0,0.0,0.0,-7.320482652828478
575,1293.0340167446557,557.1014833143882,21.546984571883197,-8.547880869954906,0.0,0.0,0.0,0.0,-7.16388301625164
576,1295.1856033740953,556.2575599095705,21.48474801691015,-8.330587226398436,0.0,1.0,0.0,0.0,-7.009055632365926
577,1297.331315384884,555.4336079282942,21.429492198864196,-8.148452399127635,0.0,1.0,0.0,0.0,-6.878887542774211
578,1299.4717877580488,554.6264063386772,21.379955264431864,-7.995579393213725,0.0,1.0,0.0,0.0,-6.769648602474863
579,1301.6075419316155,553.8332689980315,21.33512820690285,-7.867167419699813,0.0,1.0,0.0,0.0,-6.678197519991706
580,1303.7168429748303,553.071845364743,20.85089265739492,-7.361305246070005,0.1745,0.5,0.0,0.0,-6.400934688072492
581,1305.7824834240246,552.3558151997031,20.461916326491142,-6.9592980547289445,0.1745,1.0,0.0,0.0,-6.170445452444281
582,1307.810979716617,551.6756603295973,20.10800952536091,-6.643799347386161,0.1745,1.0,0.0,0.0,-5.99642134701017
583,1309.8054655167768,551.0235745248448,19.78170647783605,-6.397916747666379,0.1745,1.0,0.0,0.0,-5.870735299407885
584,1311.7837185344986,550.375791890425,19.783353876598508,-6.557735940728738,0.0,1.0,0.0,0.0,-6.016597573151625
585,1313.7463549743943,549.7305122972078,19.469374921316,-6.347855923614289,0.1745,1.0,0.0,0.0,-5.918937295422663
586,1315.6760943374147,549.1032682363165,19.125412339091913,-6.197025294212306,0.1745,0.5,0.0,0.0,-5.88276240782365
587,1317.5746997773829,548.4893347159168,18.84669646027139,-6.081645113781226,0.1745,1.0,0.0,0.0,-5.859080064844907
588,1319.4460504680144,547.8852253448941,18.580317352357174,-6.0005423066718055,0.1745,1.0,0.0,0.0,-5.864210405148035
589,1321.2912617265395,547.2877892201662,18.323907818142043,-5.9481801878864955,0.1745,1.0,0.0,0.0,-5.894681049191818
590,1323.111234324609,546.6943774771382,18.075544143252145,-5.920054672673159,0.1745,1.0,0.0,0.0,-5.947575447915168
591,1324.9066938461874,546.1027511363643,17.833646288314117,-5.912472142804431,0.1745,1.0,0.0,0.0,-6.020441427555045
592,1326.6782213565018,545.5110083990579,17.596903917973133,-5.922382603323073,0.1745,1.0,0.0,0.0,-6.111216698663929
593,1328.438771046867,544.9035047898226,17.614089889332256,-6.227689581383713,0.0,1.0,0.0,0.0,-6.415523684748271
594,1330.187685343971,544.2813358526868,17.364196052748266,-6.21568916133337,0.1745,1.0,0.0,0.0,-6.493998344080586
595,1331.911888622033,543.6594385629276,17.119869508492616,-6.222256633849936,0.1745,1.0,0.0,0.0,-6.5916090734505595
596,1333.6244438444278,543.0227054037476,17.131234939400745,-6.512406549748407,0.0,1.0,0.0,0.0,-6.885391118723147
597,1335.3377910594972,542.3586368401567,17.135709361989047,-6.7689647220695806,0.0,1.0,0.0,0.0,-7.144439921735159
598,1337.0512681627354,541.6704139704775,17.133832702773237,-6.995492671514783,0.0,1.0,0.0,0.0,-7.373332420307806
599,1338.7642671409253,540.9608736829755,17.126146861025724,-7.195313078525512,0.0,1.0,0.0,0.0,-7.576111618102496
