t,reward,x,y,theta,vx,vy,throttle,wind_vx,wind_vy
0.0,0.0,13.551218444526532,387.20920746139274,0.015846439423152156,51.47334338940246,2.397197292697237,0.5,4.274184736632197,0.7867944091892823
0.2,-2.533018778567193,13.551218444526532,387.20920746139274,0.015846439423152156,51.47334338940246,2.397197292697237,0.5,4.274184736632197,0.7867944091892823
0.4,-2.336151102605509,23.84706945539295,387.5879156953403,0.015846439423152156,51.48516671926173,1.38988504677839,0.875,4.274184736632197,0.7867944091892823
0.6000000000000001,-2.2362278971637313,34.14310881910835,387.81351660574586,0.015846439423152156,51.4752269178922,0.8661240572771788,0.875,4.274184736632197,0.7867944091892823
0.8,-2.1863672680350605,44.43580906545343,387.95943337244387,0.015846439423152156,51.4517755455586,0.5930436097028562,0.875,4.274184736632197,0.7867944091892823
1.0,-2.1623021132497455,54.72306713287395,388.06367723232194,0.015846439423152156,51.42080512864662,0.4493949890778075,0.875,4.274184736632197,0.7867944091892823
1.2,-2.1515202530711925,65.00373459912326,388.1458570232263,0.015846439423152156,51.38586953384654,0.3724029199662253,0.875,4.274184736632197,0.7867944091892823
1.4,-2.147582628597204,75.27721367230785,388.2160673608726,0.015846439423152156,51.34892119799935,0.3297004564969064,0.875,4.274184736632197,0.7867944091892823
1.5999999999999999,-2.1471778336044283,85.54320545164212,388.27950097659823,0.015846439423152156,51.310996595343326,0.3046357007594646,0.875,4.274184736632197,0.7867944091892823
1.7999999999999998,-2.148602960447916,95.80156880610454,388.33882946588614,0.015846439423152156,51.27263694928091,0.2886491921198869,0.875,4.274184736632197,0.7867944091892823
1.9999999999999998,-2.150982007484073,106.05224475150665,388.39542855185016,0.015846439423152156,51.23412250474012,0.27734166752022554,0.875,4.274184736632197,0.7867944091892823
2.1999999999999997,-2.5016227842209773,116.295216766989,388.4500078562605,0.015846439423152156,51.19559765008337,0.26845137658348955,0.875,4.274184736632197,0.7867944091892823
2.4,-1.658600237992226,126.4973634625467,388.5910473651464,0.05584643942315216,50.82586930549357,1.1419437122750935,0.125,4.274184736632197,0.7867944091892823
2.6,-1.5663697571147002,136.66549292427828,388.6036914386968,-0.061403560576847836,50.85542531182237,-1.015502976771279,0.875,4.274184736632197,0.7867944091892823
2.8000000000000003,-1.865535543349695,146.83071750716556,388.3761694992905,-0.021403560576847835,50.7968205170505,-1.2597164172917195,0.375,4.274184736632197,0.7867944091892823
3.0000000000000004,-2.0209445260058443,156.9799717497794,388.1991629431282,0.018596439423152165,50.69572190908794,-0.5103491443310696,0.875,4.274184736632197,0.7867944091892823
3.2000000000000006,-2.443875292029399,167.10205851229736,388.1352067287108,0.018596439423152165,50.52514571609175,-0.12921299984336354,0.375,4.274184736632197,0.7867944091892823
3.400000000000001,-2.6604141574184137,177.17713268793045,388.214157233534,0.058596439423152166,50.225596040239004,0.9187180480756736,0.625,4.274184736632197,0.7867944091892823
3.600000000000001,-3.7387919642285534,187.18917618436217,388.4496451938624,0.058596439423152166,49.89483892407809,1.4361615552081313,0.125,4.274184736632197,0.7867944091892823
3.800000000000001,-3.9605856007402918,197.05356793689631,388.99524347590454,0.1745,48.749078601263435,4.019821265213356,0.375,4.274184736632197,0.7867944091892823
4.000000000000001,-4.075565247557595,206.7671183254445,389.8478446862071,0.13449999999999998,48.38642528421844,4.506190837812084,0.875,4.274184736632197,0.7867944091892823
4.200000000000001,-4.458780724764879,216.41348228162337,390.77156672373553,0.13449999999999998,48.077214277570405,4.7310295374718585,0.875,4.274184736632197,0.7867944091892823
4.400000000000001,-3.711593964696198,225.9735606003198,391.8017991059472,0.1745,47.5235689093936,5.5712942846451785,0.875,4.274184736632197,0.7867944091892823
4.600000000000001,-3.6101581772745766,235.46832675725335,392.73348060135953,0.057249999999999995,47.424092659942104,3.745520669478057,0.125,4.274184736632197,0.7867944091892823
4.800000000000002,-2.6117029132700846,244.92355170396897,393.4539832994687,0.09725,47.128156807214154,3.4595063116136497,0.125,4.274184736632197,0.7867944091892823
5.000000000000002,-2.369311085710838,254.35428548237715,393.90824679503885,-0.01999999999999999,47.17918097686779,1.0831286440878571,0.875,4.274184736632197,0.7867944091892823
5.200000000000002,-1.9148511856856993,263.78076835092816,394.06606912486353,0.02000000000000001,47.08564770864209,0.49509465415887066,0.375,4.274184736632197,0.7867944091892823
5.400000000000002,-2.580061112833776,273.1997546350631,394.05676943754565,-0.01999999999999999,47.1042151327068,-0.5880915273375608,0.625,4.274184736632197,0.7867944091892823
5.600000000000002,-3.5214190111295207,282.5588498922632,394.09321782135845,0.09725,46.486737439294465,0.9525753654656101,0.125,4.274184736632197,0.7867944091892823
5.8000000000000025,-4.027855778794848,291.7487025515143,394.49397688859034,0.1745,45.41178915321697,3.0550153068533885,0.125,4.274184736632197,0.7867944091892823
6.000000000000003,-4.304626522088002,300.76390934271603,395.2123734035069,0.1745,44.740278758799896,4.1289498423122275,0.625,4.274184736632197,0.7867944091892823
6.200000000000003,-4.451394285918627,309.664152695294,396.09331901104787,0.1745,44.26215476697931,4.680506233097324,0.875,4.274184736632197,0.7867944091892823
6.400000000000003,-4.523844223171637,318.4663802294019,397.054247472903,0.1745,43.76012057410027,4.928778385454264,0.375,4.274184736632197,0.7867944091892823
6.600000000000003,-4.55140971077401,327.17742997755954,398.04891634917334,0.1745,43.35037690747584,5.017910377248994,0.625,4.274184736632197,0.7867944091892823
6.800000000000003,-4.551942875200891,335.7990288559754,399.0505127678045,0.1745,42.865611876682834,4.998053809062766,0.125,4.274184736632197,0.7867944091892823
7.0000000000000036,-4.230969046927406,344.3301572280928,400.04301463111443,0.1745,42.44567184449105,4.926964824036599,0.375,4.084709985823879,0.5786654818518591
7.200000000000004,-4.030745900827269,352.80809253219735,400.95615238493,0.13449999999999998,42.33368119655443,4.204412714119297,0.875,4.084709985823879,0.5786654818518591
7.400000000000004,-3.0748984447568954,361.25881950027053,401.75077349836585,0.13449999999999998,42.173588484177394,3.741798420239104,0.875,4.084709985823879,0.5786654818518591
7.600000000000004,-2.2093661108877902,369.6971945505995,402.29506595217634,0.017249999999999988,42.21016201911206,1.701126117865694,0.625,4.084709985823879,0.5786654818518591
7.800000000000004,-2.494438567892857,378.1330438674077,402.4512261975483,-0.022750000000000013,42.14833114897048,-0.13952366414595252,0.125,4.084709985823879,0.5786654818518591
8.000000000000004,-1.847455820443637,386.53478480639916,402.481928814238,0.09449999999999997,41.86907824094417,0.4465498310431526,0.875,4.084709985823879,0.5786654818518591
8.200000000000003,-1.7249983271481302,394.9030155255148,402.4348273580714,-0.02275000000000002,41.813228950211915,-0.9175643927090897,0.125,4.084709985823879,0.5786654818518591
8.400000000000002,-0.8371029414822878,403.2559409165391,402.2250865818359,0.01724999999999998,41.71602496003143,-1.1798433696457236,0.375,4.084709985823879,0.5786654818518591
8.600000000000001,-0.2991219788017013,411.6088765878881,401.8020692896552,-0.1,41.81333175345898,-3.0503295521612435,0.875,4.084709985823879,0.5786654818518591
8.8,-0.5447616402042554,419.9721842485869,401.07833008816283,-0.1,41.819744853529194,-4.187062462762569,0.125,4.084709985823879,0.5786654818518591
9.0,-0.24013613768375547,428.332714621503,400.0623830753657,-0.1745,41.78555887563153,-5.972407665208735,0.125,4.084709985823879,0.5786654818518591
9.2,-0.29931263717641793,436.68561368500383,398.9334482991667,-0.057249999999999995,41.743431759377,-5.316940096781134,0.125,4.274184736632197,0.7867944091892823
9.399999999999999,-0.3306101900646341,445.0394378281961,397.85697278731817,-0.09725,41.79480967254615,-5.447815021703755,0.125,4.274184736632197,0.7867944091892823
9.599999999999998,-0.8813991441783999,453.4186050047183,396.75825479150916,-0.09725,41.99686209267583,-5.539364936386286,0.875,4.274184736632197,0.7867944091892823
9.799999999999997,-1.20720382049889,461.82885375801936,395.5308345323472,-0.1745,42.10562544033488,-6.734837655232917,0.375,4.274184736632197,0.7867944091892823
9.999999999999996,-1.3910023245195382,470.2770104811765,394.10912014115354,-0.1745,42.37594179123663,-7.482306256703756,0.875,4.274184736632197,0.7867944091892823
10.199999999999996,-1.4893509369162157,478.7827927695932,392.5674616483445,-0.1745,42.6818810929305,-7.93427867138665,0.875,4.274184736632197,0.7867944091892823
10.399999999999995,-0.7040653923086184,487.3419499695892,390.95533159852215,-0.1745,42.90969090702959,-8.187021826836801,0.375,4.274184736632197,0.7867944091892823
10.599999999999994,-0.24875000845695494,495.91418630191185,389.49340060679646,-0.057249999999999995,42.812672416197,-6.432288090420258,0.125,4.274184736632197,0.7867944091892823
10.799999999999994,-0.022619405758494415,504.4862545261244,388.3053383260801,-0.057249999999999995,42.90800982592834,-5.448334716743057,0.875,4.274184736632197,0.7867944091892823
10.999999999999993,-0.1874820789075654,513.0789971316213,387.2735327011229,-0.057249999999999995,43.01941622904095,-4.869721532828854,0.875,4.274184736632197,0.7867944091892823
11.199999999999992,-0.2900073227833422,521.6946954330284,386.33417435602325,-0.057249999999999995,43.13756678503024,-4.5238619181679205,0.875,4.274184736632197,0.7867944091892823
11.399999999999991,-0.355859753397057,530.3343242232784,385.45040560672794,-0.057249999999999995,43.25872111746958,-4.313825574785384,0.875,4.274184736632197,0.7867944091892823
11.59999999999999,-0.4000856851226406,538.9983221464322,384.60065798859677,-0.057249999999999995,43.381258114068764,-4.183650606526259,0.875,4.274184736632197,0.7867944091892823
11.79999999999999,-0.4179612311595729,547.6868902960125,383.77223332383886,-0.057249999999999995,43.50442338173414,-4.1005960410530315,0.875,4.274184736632197,0.7867944091892823
11.99999999999999,-0.900890311385617,556.3834334582262,382.77238888121803,-0.1745,43.46100824040311,-5.897848385155072,0.125,4.274184736632197,0.7867944091892823
12.199999999999989,-1.180888652858885,565.0825185136136,381.4848529041833,-0.1745,43.529842313470596,-6.977511385192545,0.125,4.274184736632197,0.7867944091892823
12.399999999999988,-1.0401614843242153,573.8111331619959,380.02336232281795,-0.1745,43.75630417035268,-7.637394428460817,0.625,4.274184736632197,0.7867944091892823
12.599999999999987,-0.09961117620120474,582.5866868120855,378.5241756030943,-0.13449999999999998,43.99923233054353,-7.354472768775712,0.625,4.274184736632197,0.7867944091892823
12.799999999999986,-0.41995756184649374,591.3580712878252,377.2682039384616,-0.017249999999999988,43.71461242685316,-5.205243877551045,0.125,4.274184736632197,0.7867944091892823
12.999999999999986,-0.3107638768557963,600.1078132579494,376.1552322576127,-0.13449999999999998,43.782807274389455,-5.924472930938584,0.125,4.274184736632197,0.7867944091892823
13.199999999999985,-0.05047320773041153,608.8795661828369,374.99290808231194,-0.09449999999999997,43.93472197448639,-5.698768822068718,0.625,4.274184736632197,0.7867944091892823
13.399999999999984,-0.5994905177268622,617.6712798545083,373.9332102163756,-0.05449999999999997,43.98241474222679,-4.89820983729505,0.625,4.274184736632197,0.7867944091892823
13.599999999999984,-0.681267370470636,626.4686766402144,372.808317795633,-0.17174999999999996,43.991553114834964,-6.350714370130923,0.125,4.274184736632197,0.7867944091892823
13.799999999999983,-1.0403050945544607,635.287473312778,371.51715047108274,-0.13174999999999995,44.196413610801,-6.560958875371467,0.625,4.274184736632197,0.7867944091892823
13.999999999999982,-0.37439730901376783,644.1368981387085,370.1224868228786,-0.1745,44.29783464850315,-7.385677606669723,0.125,4.274184736632197,0.7867944091892823
14.199999999999982,-0.8645247132437963,652.988919117184,368.7975983410778,-0.057249999999999995,44.22237513625133,-5.863207211338485,0.125,4.274184736632197,0.7867944091892823
14.39999999999998,-0.8461989088149744,661.8394764868586,367.5137240401245,-0.1745,44.28319856049546,-6.975535798194541,0.125,4.274184736632197,0.7867944091892823
14.59999999999998,-1.1297959075725206,670.7186139220048,366.1197902467484,-0.13449999999999998,44.50817579096576,-6.963802135566456,0.625,4.274184736632197,0.7867944091892823
14.79999999999998,-0.9853943999977999,679.6324395862292,364.660771446912,-0.1745,44.63008085127849,-7.626385862797163,0.125,4.274184736632197,0.7867944091892823
14.999999999999979,-0.5945952277829911,688.5827661060398,363.1653270925898,-0.13449999999999998,44.873184346827145,-7.328057680424892,0.625,4.274184736632197,0.7867944091892823
15.199999999999978,-0.9773970050620904,697.5684206760968,361.78839274807194,-0.09449999999999997,44.98336135374287,-6.44128576475348,0.375,4.274184736632197,0.7867944091892823
15.399999999999977,-0.8863851655338042,706.5740082179566,360.41108304957515,-0.1745,45.072514064854445,-7.331811220214358,0.125,4.274184736632197,0.7867944091892823
15.599999999999977,-1.1358890929172119,715.6120072006164,358.96266324759875,-0.13449999999999998,45.307475761744215,-7.152386799549555,0.625,4.274184736632197,0.7867944091892823
15.799999999999976,-0.9635374081897954,724.686277028323,357.47263693150927,-0.1745,45.43522251532196,-7.747876361345437,0.125,4.274184736632197,0.7867944091892823
15.999999999999975,-1.1714447741971132,733.7979861285245,355.9600204795246,-0.13449999999999998,45.6818684866928,-7.378288158501236,0.625,4.274184736632197,0.7867944091892823
16.199999999999974,-0.3717946314587245,742.9580319731668,354.43221248383315,-0.1745,45.918589959731264,-7.8997917984130135,0.625,4.274184736632197,0.7867944091892823
16.399999999999974,-0.3739877440720729,752.1329095919392,353.0417764847967,-0.057249999999999995,45.83018622799201,-6.0045681919519165,0.125,4.274184736632197,0.7867944091892823
16.599999999999973,-1.0900677446113602,761.2858724915367,352.01514723230406,-0.017249999999999995,45.69944276798265,-4.261724332974539,0.625,4.274184736632197,0.7867944091892823
16.799999999999972,-1.485644378940791,770.3987734140895,351.3284310866726,0.022750000000000006,45.42956645754609,-2.6054371233403533,0.625,4.274184736632197,0.7867944091892823
16.99999999999997,-0.8245434886257147,779.4570217600235,350.8976027526926,0.022750000000000006,45.152917001794165,-1.7028462164595544,0.125,4.274184736632197,0.7867944091892823
17.19999999999997,-0.44174162743346485,788.483797586246,350.4068423061715,-0.09449999999999999,45.11484126043138,-3.204758248751768,0.125,4.274184736632197,0.7867944091892823
17.39999999999997,-0.4987321627122493,797.5072971889418,349.67851116789683,-0.09449999999999999,45.120154766526,-4.078553133994796,0.125,3.9292379026522504,0.6100628191749012
17.59999999999997,-0.3703737089392023,806.5327526455833,348.87532396221883,-0.054499999999999986,45.13439979988908,-3.9533189227850776,0.375,3.9292379026522504,0.6100628191749012
17.79999999999997,-0.8836125080248545,815.566127582239,347.8852452066037,-0.17174999999999999,45.199349566667784,-5.94746863336614,0.875,3.9292379026522504,0.6100628191749012
17.999999999999968,-0.8609304914372545,824.6103739097238,346.5770654403237,-0.1745,45.243113708179784,-7.1343290294339425,0.125,3.9292379026522504,0.6100628191749012
18.199999999999967,-1.1563401857035716,833.6763724717993,345.15333995382326,-0.13449999999999998,45.41687191257547,-7.102925835570201,0.375,3.9292379026522504,0.6100628191749012
18.399999999999967,-0.397408412335164,842.7857242140016,343.6601207684963,-0.1745,45.676645509448015,-7.829266017699368,0.875,3.9292379026522504,0.6100628191749012
18.599999999999966,-0.895491583504654,851.9128336303949,342.2732510508343,-0.057249999999999995,45.59444865448513,-6.039431158920646,0.125,3.9292379026522504,0.6100628191749012
18.799999999999965,-1.1687572552541776,861.0510946537328,340.9468163495195,-0.1745,45.78816157889379,-7.224915854226882,0.875,3.9292379026522504,0.6100628191749012
18.999999999999964,-0.38722232950818697,870.2351709470151,339.4337735133874,-0.1745,46.052601353929575,-7.905512507094263,0.875,3.9292379026522504,0.6100628191749012
19.199999999999964,-0.8836625550390365,879.4372770586027,338.0384564148642,-0.057249999999999995,45.968459761946654,-6.0476584781380165,0.125,3.9292379026522504,0.6100628191749012
19.399999999999963,-1.1596278503290356,888.635275702662,336.7122257927752,-0.1745,46.01152667864666,-7.214647742751788,0.125,3.9292379026522504,0.6100628191749012
19.599999999999962,-1.3049991874093883,897.8638177124451,335.20036854052995,-0.1745,46.27389341918431,-7.903924779700531,0.875,3.9292379026522504,0.6100628191749012
19.79999999999996,-1.3811706904763088,907.1338689469701,333.58312147826257,-0.1745,46.42661892606586,-8.268545842973538,0.125,3.9292379026522504,0.6100628191749012
19.99999999999996,-0.474179257116511,916.4462624516138,331.9072483713644,-0.1745,46.697316120372086,-8.490185226008213,0.625,3.9292379026522504,0.6100628191749012
20.19999999999996,-0.925326412741839,925.7757792092848,330.4283814309808,-0.057249999999999995,46.597851456336805,-6.2984841778283,0.125,3.9292379026522504,0.6100628191749012
20.39999999999996,-0.8495985273276376,935.1006946976895,329.06098847193596,-0.1745,46.65130342770981,-7.375445412619861,0.125,3.9292379026522504,0.6100628191749012
20.59999999999996,-1.1278846218829055,944.4489458823359,327.60189525582575,-0.13449999999999998,46.831208418753896,-7.215486748482416,0.375,3.9292379026522504,0.6100628191749012
20.799999999999958,-1.2774396129167473,953.8260911758315,326.0908687315486,-0.1745,46.94024451620225,-7.894778494289095,0.125,3.9292379026522504,0.6100628191749012
20.999999999999957,-0.40406904965584106,963.2289974239068,324.4741007079552,-0.1745,47.08881796455051,-8.272901741644885,0.125,3.9292379026522504,0.6100628191749012
21.199999999999957,-0.25894148801367783,972.6373977766665,323.0318922622039,-0.057249999999999995,46.995185563047094,-6.149182715868231,0.125,3.9292379026522504,0.6100628191749012
21.399999999999956,-0.8036416008736793,982.0470578940087,321.83565274119104,-0.09725,47.101415610375014,-5.813212494260275,0.375,3.9292379026522504,0.6100628191749012
21.599999999999955,-0.775018174564627,991.4689673914409,320.54247378334577,-0.1745,47.117679363945726,-7.118577084192268,0.125,3.9292379026522504,0.6100628191749012
21.799999999999955,-1.0829635905259414,1000.9095563694782,319.1237260439102,-0.13449999999999998,47.28821041642799,-7.068900310163207,0.375,3.9292379026522504,0.6100628191749012
21.999999999999954,-0.28966168791838803,1010.3768587847181,317.63447806256164,-0.1745,47.38481373597118,-7.823579503322662,0.125,3.9292379026522504,0.6100628191749012
22.199999999999953,-0.8219873375255213,1019.8455634086699,316.26325539543535,-0.057249999999999995,47.302232503546804,-5.888647167940216,0.125,3.9292379026522504,0.6100628191749012
22.399999999999952,-0.779775932922756,1029.3177883743147,314.9558788269367,-0.1745,47.42001715289986,-7.18511851704607,0.625,3.9292379026522504,0.6100628191749012
22.59999999999995,-0.19997480364315506,1038.8140688512367,313.52790429914694,-0.13449999999999998,47.54278761632116,-7.094626760851707,0.125,3.9292379026522504,0.6100628191749012
22.79999999999995,-1.037913426712722,1048.294261517699,312.34857955582856,-0.017249999999999988,47.25913904830095,-4.698620672331842,0.125,3.9292379026522504,0.6100628191749012
22.99999999999995,-1.4856381997927115,1057.7102131925344,311.6096765347056,0.022750000000000013,46.90037770005287,-2.6904095388977027,0.375,3.9292379026522504,0.6100628191749012
23.19999999999995,-1.7270732815479553,1067.0611256597192,311.1768693657495,0.022750000000000013,46.60874697179488,-1.6376621506632074,0.125,3.9292379026522504,0.6100628191749012
23.39999999999995,-1.856736605602499,1076.358921498006,310.9049858025938,0.022750000000000013,46.36921141107377,-1.0811734808940767,0.125,3.9292379026522504,0.6100628191749012
23.599999999999948,-1.924894953265857,1085.6113578954282,310.717837697373,0.022750000000000013,46.15515256314815,-0.7903075713134973,0.125,3.9292379026522504,0.6100628191749012
23.799999999999947,-1.0425152715311583,1094.822316338815,310.57437061862385,0.022750000000000013,45.95443187072021,-0.6443632161781774,0.125,3.9292379026522504,0.6100628191749012
23.999999999999947,-0.5425512801650167,1104.0140899348182,310.24128731199755,-0.09449999999999997,45.963304089312125,-2.6864698500849844,0.625,3.9292379026522504,0.6100628191749012
24.199999999999946,-0.5734941450985889,1113.2049283161045,309.5880591609269,-0.09449999999999997,45.94507972355048,-3.8458116606215147,0.125,3.9292379026522504,0.6100628191749012
24.399999999999945,-0.5916648458442262,1122.39526619325,308.8255202536058,-0.05449999999999997,45.958299047905555,-3.7795774125890325,0.375,3.9292379026522504,0.6100628191749012
24.599999999999945,-0.6014424344439173,1131.58327348487,308.0736603796486,-0.05449999999999997,45.9217738682932,-3.739021326983482,0.125,3.9292379026522504,0.6100628191749012
24.799999999999944,-0.6065159439482735,1140.7639972807638,307.3279535486193,-0.05449999999999997,45.885464090643936,-3.7180469833092604,0.125,3.9292379026522504,0.6100628191749012
24.999999999999943,-0.30724808376404983,1149.9374745321265,306.58534512167336,-0.05449999999999997,45.849308422984556,-3.7080372861501703,0.125,3.9292379026522504,0.6100628191749012
25.199999999999942,-0.8479903404787925,1159.096290548703,305.63324842060666,-0.17174999999999996,45.7388517427803,-5.812929724516907,0.125,3.9292379026522504,0.6100628191749012
25.39999999999994,-1.1489937564783617,1168.2519906542232,304.3437653787727,-0.1745,45.81814931242072,-7.0819006938231,0.375,3.9292379026522504,0.6100628191749012
25.59999999999994,-1.309167049978375,1177.4412053418546,302.85306406582987,-0.1745,46.07399756389414,-7.825112435604796,0.875,3.9292379026522504,0.6100628191749012
25.79999999999994,-0.46385740159984673,1186.6709404464752,301.2483691698268,-0.1745,46.223353482313016,-8.221836524426061,0.125,3.9292379026522504,0.6100628191749012
25.99999999999994,-0.9222031274673415,1195.9063885102566,299.8061188983627,-0.057249999999999995,46.13112715550047,-6.200666190215045,0.125,3.864660539616224,0.6678922344978677
26.19999999999994,-1.175732457837012,1205.138065794097,298.45770736551304,-0.1745,46.185645682903065,-7.2834491382810995,0.125,3.864660539616224,0.6678922344978677
26.399999999999938,-0.36909484641879653,1214.4020192283733,296.9371813163443,-0.1745,46.45388865985999,-7.9218113534063965,0.875,3.864660539616224,0.6678922344978677
26.599999999999937,-0.38276996771777844,1223.6841899632416,295.54615842829367,-0.057249999999999995,46.367818688821544,-5.988417527100337,0.125,3.864660539616224,0.6678922344978677
26.799999999999937,-0.7913323384048179,1232.9397456571305,294.5265566948198,-0.017249999999999995,46.187738250068485,-4.207599807637911,0.375,3.864660539616224,0.6678922344978677
26.999999999999936,-0.09412944184076871,1242.160913808628,293.7806960120817,-0.017249999999999995,46.02394326490565,-3.251007019743375,0.125,3.864660539616224,0.6678922344978677
27.199999999999935,-0.6211522161170568,1251.3616234175715,292.9688658815137,-0.13449999999999998,45.9831528245292,-4.867294285936724,0.125,3.864660539616224,0.6678922344978677
27.399999999999935,-0.005417014886185401,1260.5397867143533,292.11880193794093,-0.017249999999999988,45.79848014328804,-3.6333451497910287,0.125,3.864660539616224,0.6678922344978677
27.599999999999934,-0.6751986403946342,1269.6975528790774,291.2473099555927,-0.13449999999999998,45.77918150395166,-5.08157467369121,0.125,3.864660539616224,0.6678922344978677
27.799999999999933,-1.0481825224530872,1278.8616283643232,290.0742426156485,-0.1745,45.86157334850732,-6.6490987257512435,0.625,3.864660539616224,0.6678922344978677
27.999999999999932,-0.9335841316945109,1288.0473479504365,288.6553693093462,-0.1745,45.99562251262599,-7.539634337271191,0.375,3.864660539616224,0.6678922344978677
28.199999999999932,-1.187238615830093,1297.2602643295108,287.1731338845664,-0.13449999999999998,46.1335412781181,-7.282719910526657,0.125,3.864660539616224,0.6678922344978677
28.39999999999993,-0.3820780054001649,1306.5138264692225,285.65281780036,-0.1745,46.40208011899888,-7.920440931537301,0.875,3.864660539616224,0.6678922344978677
28.59999999999993,-0.8805787805231136,1315.785639991027,284.2615488726588,-0.057249999999999995,46.316055099044945,-5.992248345474653,0.125,3.864660539616224,0.6678922344978677
28.79999999999993,-0.8343858156622095,1325.052784097422,282.94525163765087,-0.1745,46.355385964906915,-7.1707240046046135,0.125,3.864660539616224,0.6678922344978677
28.99999999999993,-0.12794089908088863,1334.3413973450158,281.5201359652171,-0.13449999999999998,46.53074651103039,-7.080432719732973,0.375,3.864660539616224,0.6678922344978677
29.19999999999993,-0.28197019186602973,1343.6194931375492,280.33483067356195,-0.017249999999999988,46.25021141430209,-4.772620196818474,0.125,3.864660539616224,0.6678922344978677
29.399999999999928,-0.1898967566009399,1352.8727687477365,279.283953484578,-0.13449999999999998,46.28254468757185,-5.736151693021285,0.125,3.864660539616224,0.6678922344978677
29.599999999999927,-0.1337138167376825,1362.1439954708073,278.1567926673616,-0.09449999999999997,46.42972254313591,-5.535456479142545,0.625,3.864660539616224,0.6678922344978677
29.799999999999926,-0.7404574218627696,1371.4493403135791,277.06080797608706,-0.09449999999999997,46.62372588458102,-5.424390433602468,0.875,3.864660539616224,0.6678922344978677
29.999999999999925,-1.076696618722727,1380.773888257339,275.83243512653803,-0.1745,46.62175355301775,-6.859338061888103,0.125,3.864660539616224,0.6678922344978677
30.199999999999925,-0.9283452410643245,1390.1221944136605,274.3771653912622,-0.1745,46.86130801019744,-7.693359290870045,0.875,3.864660539616224,0.6678922344978677
30.399999999999924,-0.10191360246119996,1399.5136257803679,272.87205751740055,-0.13449999999999998,47.05300565687736,-7.357719447746551,0.375,3.864660539616224,0.6678922344978677
30.599999999999923,-0.33094991273013324,1408.8945101221248,271.6505170936874,-0.017249999999999988,46.75583776069258,-4.857684789384807,0.125,3.864660539616224,0.6678922344978677
30.799999999999923,-0.4862718883851194,1418.2419214966521,270.7331955125099,-0.05724999999999999,46.71827598458195,-4.315531022390471,0.125,3.864660539616224,0.6678922344978677
30.999999999999922,-0.9379544345183899,1427.587142099649,269.6765882143259,-0.1745,46.733930045387126,-6.250541959449503,0.625,3.864660539616224,0.6678922344978677
31.19999999999992,-0.8582106733619219,1436.9440776163874,268.3177630973225,-0.1745,46.835425121996906,-7.337709210584178,0.375,3.864660539616224,0.6678922344978677
31.39999999999992,-0.8121806829619049,1446.3242344433158,266.86817532781384,-0.13449999999999998,46.96614314728672,-7.158168484501964,0.125,3.864660539616224,0.6678922344978677
31.59999999999992,-0.4574329912398556,1455.7299123792461,265.4465062109215,-0.13449999999999998,47.090636212016946,-7.058522684421561,0.125,3.864660539616224,0.6678922344978677
31.79999999999992,-0.9161589609855769,1465.1640843874138,264.118464719732,-0.09449999999999997,47.25108386966031,-6.221892227472972,0.625,3.864660539616224,0.6678922344978677
31.99999999999992,-1.165845421025859,1474.6188522945454,262.76342159897956,-0.1745,47.296595201656366,-7.328538980051514,0.125,3.864660539616224,0.6678922344978677
32.19999999999992,-0.9617021831124173,1484.1045119337007,261.2337147044685,-0.1745,47.560001189896546,-7.968529965059059,0.875,3.864660539616224,0.6678922344978677
32.39999999999992,-1.181145699461359,1493.6414601264228,259.68695202789104,-0.13449999999999998,47.8094807373253,-7.499096800715717,0.625,3.864660539616224,0.6678922344978677
32.59999999999992,-0.31309400707171253,1503.2303826464324,258.1298112756242,-0.1745,48.07974446277072,-8.07231072195288,0.875,3.864660539616224,0.6678922344978677
32.799999999999926,-0.47210260366082085,1512.8373081616196,256.73034166530124,-0.057249999999999995,47.989510689102225,-5.922385381276971,0.125,3.864660539616224,0.6678922344978677
32.99999999999993,-0.5610413793533081,1522.4165847305612,255.7377991462601,-0.017249999999999995,47.803255000313065,-4.003039809134265,0.375,3.864660539616224,0.6678922344978677
33.19999999999993,-0.3558910247492991,1531.9836011748218,254.9575853309874,-0.057249999999999995,47.86690944229383,-3.799098343592693,0.625,3.864660539616224,0.6678922344978677
33.399999999999935,-0.10937326557782512,1541.543011697856,253.97762330782965,-0.1745,47.72719578804777,-6.000521887984732,0.125,3.864660539616224,0.6678922344978677
33.59999999999994,-0.3595307819335766,1551.0833713385578,252.89063383984575,-0.057249999999999995,47.676400618971144,-4.869372791854225,0.125,3.864660539616224,0.6678922344978677
33.79999999999994,-0.471063830685568,1560.6196906091545,251.97661872616425,-0.057249999999999995,47.68679208699556,-4.270778344960781,0.375,3.864660539616224,0.6678922344978677
33.99999999999994,-0.9207157793536053,1570.161836627058,250.92139811621576,-0.1745,47.7346680920383,-6.281427754524126,0.875,3.864660539616224,0.6678922344978677
34.199999999999946,-0.7712294499057135,1579.7132522542947,249.55560179964294,-0.1745,47.7794881803298,-7.376535411203985,0.125,3.9546291350522025,0.9750920463606845
34.39999999999995,-1.0218222196091011,1589.288223689083,248.11487883062412,-0.13449999999999998,47.9702261675522,-7.030694278984104,0.375,3.9546291350522025,0.9750920463606845
34.59999999999995,-1.1517994152117141,1598.9033218237653,246.64480108711595,-0.1745,48.18075517926976,-7.67008315609763,0.625,3.9546291350522025,0.9750920463606845
34.799999999999955,-1.2144116835436802,1608.5692169557396,245.07485913824505,-0.1745,48.47819614047343,-8.029336332611324,0.875,3.9546291350522025,0.9750920463606845
34.99999999999996,-0.24503155094622392,1618.2916376883,243.45013939444206,-0.1745,48.74601118512857,-8.217861105418507,0.625,3.9546291350522025,0.9750920463606845
35.19999999999996,-0.733207985484726,1628.0406165869827,242.04857130374145,-0.057249999999999995,48.74377780169754,-5.797819801587594,0.625,3.9546291350522025,0.9750920463606845
35.39999999999996,-0.9901871181683519,1637.8015518667887,240.76674703065171,-0.1745,48.86557499636376,-7.020422929309865,0.625,3.9546291350522025,0.9750920463606845
35.599999999999966,-1.121697473663581,1647.5949692962965,239.29621877649174,-0.1745,49.06859929871445,-7.684859612289981,0.625,3.9546291350522025,0.9750920463606845
35.79999999999997,-0.17526650756387818,1657.4330412566062,237.72335556755235,-0.1745,49.31212030438252,-8.04377247710407,0.625,3.9546291350522025,0.9750920463606845
35.99999999999997,-1.2971261944767178,1667.295687853034,236.3531968531751,-0.057249999999999995,49.31434565989568,-5.6578146666684495,0.625,3.9546291350522025,0.9750920463606845
36.199999999999974,-2.0445457716684308,1677.0772808052836,235.58975173673434,0.06,48.50158386260091,-1.9766364977389732,0.375,3.9546291350522025,0.9750920463606845
36.39999999999998,-1.4752339860259533,1686.7256262692579,235.37423341993497,0.06,47.98187077714055,-0.17854667025484727,0.125,3.9546291350522025,0.9750920463606845
36.59999999999998,-0.20219422639664336,1696.325427543238,235.19995131603892,-0.057249999999999995,48.016141962661536,-1.5642743687055563,0.625,3.9546291350522025,0.9750920463606845
36.79999999999998,-0.5035122652525379,1705.8980880723898,234.5821622277898,-0.1745,47.710463328856534,-4.613616513785469,0.125,3.9546291350522025,0.9750920463606845
36.999999999999986,-0.8880933701122184,1715.4401229300472,233.48903190481275,-0.1745,47.70988524771735,-6.3176867159851815,0.375,3.9546291350522025,0.9750920463606845
37.19999999999999,-0.11901107558555724,1724.9938882758345,232.13085190870447,-0.1745,47.82776821015446,-7.264113245097678,0.375,3.9546291350522025,0.9750920463606845
37.39999999999999,-1.2441770483380323,1734.566580291923,230.86492461635584,-0.057249999999999995,47.899151950730705,-5.395159678388804,0.875,3.9546291350522025,0.9750920463606845
37.599999999999994,-1.016587140399138,1744.0761234559266,230.1170168220947,0.06,47.196279689304795,-2.0839182642225067,0.625,3.9546291350522025,0.9750920463606845
37.8,-0.05519198191877156,1753.511545245857,229.64543826011467,-0.057249999999999995,47.15793820999962,-2.6318673555778744,0.125,3.9546291350522025,0.9750920463606845
38.0,-0.2936591374287148,1762.9234528861807,228.866218063108,-0.1745,46.961138193237325,-5.160334614488885,0.125,3.9546291350522025,0.9750920463606845
38.2,-0.8070009788025789,1772.3213478515227,227.9162548728345,-0.057249999999999995,47.017811460181164,-4.339297288246071,0.625,3.9546291350522025,0.9750920463606845
38.400000000000006,-0.14709235392274145,1781.7066998768344,227.17048367433134,-0.017249999999999995,46.83570879293685,-3.118414696785317,0.125,3.9546291350522025,0.9750920463606845
38.60000000000001,-0.5442264787662023,1791.0701118002426,226.3910552010345,-0.13449999999999998,46.79841044114562,-4.6758700361831265,0.125,3.9546291350522025,0.9750920463606845
38.80000000000001,-0.9242268363308237,1800.4362509730947,225.29121207588804,-0.1745,46.862981287375966,-6.322561215281479,0.625,3.9546291350522025,0.9750920463606845
39.000000000000014,-0.18212623886440044,1809.816472278224,223.9354126186993,-0.1745,46.93923176391681,-7.235433356606024,0.125,3.9546291350522025,0.9750920463606845
39.20000000000002,-0.5387424321891199,1819.1965921012477,222.66719250137072,-0.057249999999999995,46.86196646631999,-5.446767816679806,0.125,3.9546291350522025,0.9750920463606845
39.40000000000002,-0.9301423854761037,1828.5567263563923,221.7491777638558,-0.017249999999999995,46.739376085127276,-3.7333795584692764,0.625,3.9546291350522025,0.9750920463606845
39.60000000000002,-0.21034781103217715,1837.8884910275015,221.0946205392588,-0.017249999999999995,46.578270625962965,-2.812192687500765,0.125,3.9546291350522025,0.9750920463606845
39.800000000000026,-0.13082437874169517,1847.2088871135636,220.36243417871083,-0.13449999999999998,46.62569023465791,-4.50967091797903,0.625,3.9546291350522025,0.9750920463606845
40.00000000000003,-0.5526566596143206,1856.5422636818062,219.44076699789017,-0.09449999999999997,46.70807544776768,-4.707000890227522,0.375,3.9546291350522025,0.9750920463606845
40.20000000000003,-0.934107340447651,1865.880818441293,218.33814987370752,-0.1745,46.67747214710218,-6.3191703515989515,0.125,3.9546291350522025,0.9750920463606845
40.400000000000034,-1.1380614751681177,1875.238842862278,216.98075141165538,-0.1745,46.90277206274773,-7.254814268922622,0.875,3.9546291350522025,0.9750920463606845
40.60000000000004,-0.9175711198499398,1884.637612670801,215.4789007017345,-0.1745,47.08492602248273,-7.763692830286153,0.375,3.9546291350522025,0.9750920463606845
40.80000000000004,-1.1225623710828792,1894.0798697343528,213.97668296621947,-0.13449999999999998,47.337644613034165,-7.258484524864144,0.625,3.9546291350522025,0.9750920463606845
41.00000000000004,-1.2303357579022252,1903.5653589882693,212.47349106239437,-0.1745,47.51724792613184,-7.773434513386974,0.375,3.9546291350522025,0.9750920463606845
41.200000000000045,-0.31218695416323217,1913.0896928885352,210.89034911738793,-0.1745,47.726091076527375,-8.057984936677393,0.375,3.9546291350522025,0.9750920463606845
41.40000000000005,-0.15325687884373856,1922.6351285551905,209.50339785013853,-0.057249999999999995,47.728265590025934,-5.811527735816524,0.625,3.9546291350522025,0.9750920463606845
41.60000000000005,-0.06138838742756891,1932.2013408582022,208.37748198105004,-0.09725,47.93385744009173,-5.447630955068245,0.875,3.9546291350522025,0.9750920463606845
41.800000000000054,-0.9581621757446335,1941.8080742202083,207.3081988175747,-0.09725,48.13347617996861,-5.245200679685238,0.875,3.9546291350522025,0.9750920463606845
42.00000000000006,-1.8180062463393234,1951.3888465049686,206.50841213414313,0.01999999999999999,47.67424666763483,-2.752666154630473,0.125,3.9546291350522025,0.9750920463606845
42.20000000000006,-1.3341748701257705,1960.8773150428465,206.16223447910383,0.05999999999999999,47.2104387111449,-0.7091103957626359,0.625,3.9546291350522025,0.9750920463606845
42.40000000000006,-0.11871343678631491,1970.3240470655646,205.90412133672072,-0.05725,47.25688151603755,-1.8720210280685006,0.625,3.9546291350522025,0.9750920463606845
42.600000000000065,-0.23398376451202185,1979.7589393151027,205.2418376507353,-0.1745,47.09204097934301,-4.75081583178577,0.625,3.9546291350522025,0.9750920463606845
42.80000000000007,-0.42563691468085973,1989.1864229515784,204.20661562596888,-0.13449999999999998,47.18279538541436,-5.601404415878576,0.375,3.9546291350522025,0.9750920463606845
43.00000000000007,-0.42958483115341645,1998.640621985334,203.0385592058666,-0.13449999999999998,47.35919495214278,-6.0791597851444426,0.625,3.9546291350522025,0.9750920463606845
43.200000000000074,-0.06068523131203679,2008.097235940034,202.02887299699032,-0.017249999999999988,47.20694459485616,-4.017702303618368,0.625,3.9546291350522025,0.9750920463606845
43.40000000000008,-0.3289326190226158,2017.5441820651517,201.1076758418376,-0.13449999999999998,47.26251665632217,-5.194269247908999,0.375,3.9546291350522025,0.9750920463606845
43.60000000000008,-0.8025349420474657,2027.007630949069,200.0034524416342,-0.13449999999999998,47.37197218284913,-5.847964754124782,0.375,3.9546291350522025,0.9750920463606845
43.80000000000008,-1.0160697613832474,2036.5008743729811,198.71753768890545,-0.1745,47.56046205627388,-7.011182773162926,0.875,4.263451020219418,1.1755200398346468
44.000000000000085,-1.1261950279936186,2046.0405505746692,197.26011812774098,-0.1745,47.83629996060604,-7.563012838481801,0.875,4.263451020219418,1.1755200398346468
44.20000000000009,-0.20921681198722536,2055.6384796147863,195.7168549050874,-0.1745,48.14299044056633,-7.8696193880542005,0.875,4.263451020219418,1.1755200398346468
44.40000000000009,-0.277060862801784,2065.2622700567977,194.36944816935502,-0.057249999999999995,48.09491397954531,-5.604447969269464,0.375,4.263451020219418,1.1755200398346468
44.600000000000094,-0.5432306152297284,2074.891003703688,193.36583237183592,-0.057249999999999995,48.192422489358776,-4.431710005921567,0.875,4.263451020219418,1.1755200398346468
44.8000000000001,-1.0191861505150572,2084.540438547293,192.54270676637282,-0.057249999999999995,48.30192594669249,-3.7995460487095682,0.875,4.263451020219418,1.1755200398346468
45.0000000000001,-0.31784413352289403,2094.1881988648047,191.89795221536784,-0.017249999999999995,48.17567722842412,-2.6479994613403104,0.375,4.263451020219418,1.1755200398346468
45.2000000000001,-0.3980134547060288,2103.817256649443,191.1981912906926,-0.13449999999999998,48.11490061796062,-4.349609785412081,0.125,4.263451020219418,1.1755200398346468
45.400000000000105,-0.7845380616888367,2113.4494323758563,190.15289639170035,-0.1745,48.20685664616933,-6.10333920451026,0.875,4.263451020219418,1.1755200398346468
45.60000000000011,-0.019481579834644547,2123.1023326008203,188.8364327284277,-0.1745,48.32214560347242,-7.061297428216315,0.375,4.263451020219418,1.1755200398346468
45.80000000000011,-1.3309011881599786,2132.7589190714225,187.61338649859505,-0.057249999999999995,48.24371910254981,-5.169164870110096,0.125,4.263451020219418,1.1755200398346468
46.000000000000114,-1.1026976108962359,2142.3275594447773,186.90946804571266,0.06,47.44268463099805,-1.8700196587137001,0.125,4.263451020219418,1.1755200398346468
46.20000000000012,-0.9771566252178485,2151.812274125923,186.47985823707285,-0.057249999999999995,47.404462180458225,-2.426078427684528,0.125,4.263451020219418,1.1755200398346468
46.40000000000012,-1.8396744745670426,2161.2896605474066,185.96366297872987,-0.057249999999999995,47.36940203437834,-2.7358741557453605,0.125,4.263451020219418,1.1755200398346468
46.60000000000012,-3.1778540537027644,2170.7119382201013,185.62004396246027,0.06,46.85337469256752,-0.7003160069506427,0.375,4.263451020219418,1.1755200398346468
46.800000000000125,-3.8920511062310115,2179.945152821397,185.78352141879844,0.1745,45.47877132039028,2.335090570332413,0.125,4.263451020219418,1.1755200398346468
47.00000000000013,-3.4170399277829695,2188.9507525622485,186.40174875012025,0.1745,44.57722608812086,3.8471827428855665,0.125,4.263451020219418,1.1755200398346468
47.20000000000013,-2.2682326893818803,2197.86756513082,187.06057050434745,0.057249999999999995,44.590899597594166,2.7410347993864015,0.875,4.263451020219418,1.1755200398346468
47.400000000000134,-0.7467522394214585,2206.7787368325617,187.34898033986292,-0.06,44.52081741982188,0.14306355576821295,0.375,4.263451020219418,1.1755200398346468
47.600000000000136,-0.15961344851163656,2215.646613069181,187.03923034479334,-0.1745,44.15794494637222,-3.240563506463966,0.125,4.263451020219418,1.1755200398346468
47.80000000000014,-0.3967159737793474,2224.4697839933337,186.18977302500886,-0.1745,44.07376429515682,-5.2540096913808725,0.125,4.263451020219418,1.1755200398346468
48.00000000000014,-0.22789707053336633,2233.3076995680926,185.08319346482492,-0.13449999999999998,44.305391452429745,-5.811785910458539,0.875,4.263451020219418,1.1755200398346468
48.200000000000145,-0.12523334395801222,2242.1841921479086,183.95732364457172,-0.09449999999999997,44.45953434573007,-5.4469122920735575,0.625,4.263451020219418,1.1755200398346468
48.40000000000015,-0.6641187412722044,2251.0961780864823,182.8889514125089,-0.09449999999999997,44.66032504000738,-5.23681002855446,0.875,4.263451020219418,1.1755200398346468
48.60000000000015,-0.9703413399284766,2260.0423476080223,181.71763736413715,-0.1745,44.801370175393764,-6.476330455163012,0.625,4.263451020219418,1.1755200398346468
48.80000000000015,-1.1414475006204023,2269.019006448365,180.3505959991059,-0.1745,44.96521822803179,-7.1940831951494335,0.375,4.263451020219418,1.1755200398346468
49.000000000000156,-0.928392904816929,2278.027343825776,178.8710555061992,-0.1745,45.11815554607964,-7.601321733917411,0.125,4.263451020219418,1.1755200398346468
49.20000000000016,-0.8056783958715816,2287.066354350515,177.39905936550727,-0.13449999999999998,45.27194970131556,-7.118639673001964,0.125,4.263451020219418,1.1755200398346468
49.40000000000016,-0.16376519132212164,2296.13978316843,176.0020378102369,-0.13449999999999998,45.46233847782926,-6.8515758797014765,0.375,4.263451020219418,1.1755200398346468
49.600000000000165,-0.19086518497217042,2305.2086027296123,174.8584527732683,-0.017249999999999988,45.225857133995646,-4.584274489984572,0.375,4.263451020219418,1.1755200398346468
49.80000000000017,-0.7008059404375289,2314.259086041606,173.85981151445193,-0.13449999999999998,45.278975985943596,-5.402138098179324,0.125,4.263451020219418,1.1755200398346468
50.00000000000017,-0.6754104090370977,2323.334385587468,172.65967365118325,-0.1745,45.47401947267746,-6.5992405345074925,0.875,4.263451020219418,1.1755200398346468
50.20000000000017,-0.9693919275608776,2332.4466716173533,171.34413886809244,-0.13449999999999998,45.648840826174435,-6.556107296400485,0.375,4.263451020219418,1.1755200398346468
50.400000000000176,-0.8134062384125101,2341.602591689421,169.9612750423856,-0.1745,45.91035989450276,-7.272530960667898,0.875,4.263451020219418,1.1755200398346468
50.60000000000018,-1.0369696179685226,2350.8140474341844,168.5402646755928,-0.13449999999999998,46.20419755313039,-6.937572707260179,0.875,4.263451020219418,1.1755200398346468
50.80000000000018,-0.22532086110724991,2360.0828854843407,167.09665463510427,-0.1745,46.48418294843253,-7.498527697625091,0.875,4.263451020219418,1.1755200398346468
51.000000000000185,-0.09557312342982544,2369.375901026305,165.7907117207106,-0.057249999999999995,46.44597247120991,-5.560901446311863,0.375,4.263451020219418,1.1755200398346468
51.20000000000019,-0.6313559400054827,2378.6856985872932,164.70697135461455,-0.09725,46.652003138670935,-5.276502214648476,0.875,4.263451020219418,1.1755200398346468
51.40000000000019,-0.6083304684562441,2388.0236480414314,163.524156236366,-0.1745,46.7274914027122,-6.551648967837193,0.375,4.263451020219418,1.1755200398346468
51.60000000000019,-0.2675176241365318,2397.3962241048525,162.21647269312982,-0.13449999999999998,46.99826923149792,-6.525186464524635,0.875,4.263451020219418,1.1755200398346468
51.800000000000196,-0.07618231579270052,2406.811883915886,160.9915977469476,-0.09449999999999997,47.15832887883857,-5.723562997297551,0.625,4.263451020219418,1.1755200398346468
52.0000000000002,-0.28932026070113886,2416.263817430402,159.89061159228973,-0.09449999999999997,47.361006266319045,-5.286298549281312,0.875,4.263451020219418,1.1755200398346468
52.2000000000002,-0.40038251588031537,2425.7581938573626,158.77975753100665,-0.13449999999999998,47.582758003285996,-5.822242063549333,0.875,4.263451020219418,1.1755200398346468
52.400000000000205,-0.7856629390403649,2435.29403055086,157.58654784280716,-0.13449999999999998,47.775608931689256,-6.109854818445684,0.625,4.263451020219418,1.1755200398346468
52.60000000000021,-0.9910123046332481,2444.870954677101,156.26853601336782,-0.1745,47.99363233072163,-7.070263475947677,0.875,4.263451020219418,1.1755200398346468
52.80000000000021,-0.7620294698888062,2454.4973348377034,154.801161145118,-0.1745,48.2701692753017,-7.603485206550802,0.875,4.263451020219418,1.1755200398346468
53.00000000000021,-0.9701631450720503,2464.181703738689,153.3340467663631,-0.13449999999999998,48.573519734553194,-7.067658580998266,0.875,4.263451020219418,1.1755200398346468
53.200000000000216,-0.09288925784394525,2473.9187249374577,151.86681216936793,-0.1745,48.79669225313108,-7.604687388953167,0.625,4.263451020219418,1.1755200398346468
53.40000000000022,-0.03380066766837664,2483.6689304549905,150.56568396200953,-0.057249999999999995,48.70536292219473,-5.406594684630846,0.125,4.263451020219418,1.1755200398346468
53.60000000000022,-0.3748290839952448,2493.4301733085003,149.51351662544295,-0.09725,48.90706561290362,-5.115078681034885,0.875,3.6831453006107036,0.41351883680979035
53.800000000000225,-0.590688621180526,2503.218153505984,148.38872727979432,-0.13725,48.972736361934516,-6.132814775451467,0.375,3.6831453006107036,0.41351883680979035
54.00000000000023,-1.0240740330547324,2513.0291747042215,147.1070149784224,-0.13725,49.13747562044306,-6.684308238267847,0.625,3.6831453006107036,0.41351883680979035
54.20000000000023,-0.903507359812899,2522.8655081025527,145.66142761246996,-0.1745,49.22585836286801,-7.7715654212566,0.375,3.6831453006107036,0.41351883680979035
54.40000000000023,-0.837106837252001,2532.7338940542945,144.13574243823825,-0.13449999999999998,49.45800115455019,-7.485286321060597,0.625,3.6831453006107036,0.41351883680979035
54.600000000000236,-1.1507282339964244,2542.647586236846,142.65382036946053,-0.13449999999999998,49.67892067096564,-7.333934366716584,0.625,3.6831453006107036,0.41351883680979035
54.80000000000024,-0.959428487310974,2552.5961769170776,141.107027941178,-0.1745,49.80698613134799,-8.133989916108773,0.375,3.6831453006107036,0.41351883680979035
55.00000000000024,-0.856516510036362,2562.586960122476,139.52658107463307,-0.13449999999999998,50.10084592263348,-7.67047874934036,0.875,3.6831453006107036,0.41351883680979035
55.200000000000244,-0.8005494874187988,2572.62978370572,138.01726883791244,-0.13449999999999998,50.32738990980936,-7.422643617865989,0.625,3.6831453006107036,0.41351883680979035
55.40000000000025,-0.7688676491406701,2582.7168816689687,136.54563550904166,-0.13449999999999998,50.5435897226784,-7.293689670841787,0.625,3.6831453006107036,0.41351883680979035
55.60000000000025,-0.7497751492803626,2592.846630380312,135.09364376698818,-0.13449999999999998,50.75389739075461,-7.226227749692977,0.625,3.6831453006107036,0.41351883680979035
55.80000000000025,-0.7372399979883291,2603.0180927446054,133.6519645382315,-0.13449999999999998,50.960726252178056,-7.190564537873808,0.625,3.6831453006107036,0.41351883680979035
56.000000000000256,-0.7281583494917665,2613.2307008823436,132.215774515994,-0.13449999999999998,51.16535512520624,-7.171335684501204,0.625,3.6831453006107036,0.41351883680979035
56.20000000000026,-1.0860506449963774,2623.4840815607613,130.7825803113746,-0.13449999999999998,51.368451658970606,-7.160606361693039,0.625,3.6831453006107036,0.41351883680979035
56.40000000000026,-1.267621141946602,2633.767693826367,129.25688823473092,-0.1745,51.46767099708717,-8.096314404743694,0.375,3.6831453006107036,0.41351883680979035
56.600000000000264,-1.3561564831574804,2644.087528760551,127.58787082472878,-0.1745,51.73067834474853,-8.59385969527768,0.875,3.6831453006107036,0.41351883680979035
56.80000000000027,-1.4007929197780633,2654.4532787099174,125.84513042328601,-0.1745,51.92682114891563,-8.833544319150034,0.375,3.6831453006107036,0.41351883680979035
57.00000000000027,-1.4207632490332056,2664.8695575322454,124.06430238737578,-0.1745,52.235967074362485,-8.974736039952312,0.875,3.6831453006107036,0.41351883680979035
57.20000000000027,-1.431519930299991,2675.33853719759,122.26349072285569,-0.1745,52.453829579085955,-9.033380605248471,0.375,3.6831453006107036,0.41351883680979035
57.400000000000276,-1.4351874284432982,2685.86117677327,120.45177621556773,-0.1745,52.772566177713436,-9.083764467631191,0.875,3.6831453006107036,0.41351883680979035
57.60000000000028,-1.4369433762254922,2696.442755646382,118.63281940293828,-0.1745,53.04322255340652,-9.105803658663318,0.625,3.6831453006107036,0.41351883680979035
57.80000000000028,-1.4379955676629343,2707.0784247675197,116.81006615304177,-0.1745,53.31346865796952,-9.121728840301692,0.625,3.6831453006107036,0.41351883680979035
58.000000000000284,-1.4386956704416205,2717.7680590646987,114.98441989417968,-0.1745,53.5828743138229,-9.134733748319265,0.625,3.6831453006107036,0.41351883680979035
58.20000000000029,-1.055894481952235,2728.501620510775,113.15804330924294,-0.1745,53.75274014694141,-9.129032101048109,0.125,3.6831453006107036,0.41351883680979035
58.40000000000029,-0.48940547361519815,2739.2698448223123,111.43830119202008,-0.13449999999999998,53.929502968429816,-8.068389071180553,0.125,3.6831453006107036,0.41351883680979035
58.60000000000029,-0.16532552770500308,2750.0725755220446,109.98013594188888,-0.09449999999999997,54.097804028894274,-6.513263430131474,0.625,3.6831453006107036,0.41351883680979035
58.800000000000296,-0.8586077149617237,2760.884392142271,108.85760138753731,-0.05449999999999997,54.02036217336926,-4.712082113384097,0.125,3.6831453006107036,0.41351883680979035
59.0000000000003,-0.072259906278338,2771.665118085805,108.10328904432012,-0.014499999999999971,53.78689726197136,-2.8310413187878227,0.125,3.6831453006107036,0.41351883680979035
59.2000000000003,-0.693390973432302,2782.422176280807,107.32329365093187,-0.13174999999999998,53.783684688051345,-4.9689126150947125,0.875,3.6831453006107036,0.41351883680979035
59.400000000000304,-0.6833093870725054,2793.1738909505398,106.12249894125414,-0.17174999999999999,53.733462009278384,-7.039034481682606,0.625,3.6831453006107036,0.41351883680979035
59.60000000000031,-0.29548519292347253,2803.9294480235717,104.71813660706208,-0.13174999999999998,53.822108721042625,-7.00458886023804,0.125,3.6831453006107036,0.41351883680979035
59.80000000000031,-0.27401058247628923,2814.703662128196,103.42334115282398,-0.09174999999999997,53.92003232519804,-5.943365682142929,0.375,3.6831453006107036,0.41351883680979035
60.00000000000031,-0.573654729395787,2825.4795180276633,102.39031994611837,-0.05174999999999997,53.838526669477346,-4.386846384913178,0.125,3.6831453006107036,0.41351883680979035
60.200000000000315,-1.0452560135200641,2836.22841527763,101.28506514434211,-0.16899999999999996,53.650445830189824,-6.665701632849343,0.125,3.6831453006107036,0.41351883680979035
60.40000000000032,-0.133742346021907,2846.9668598971625,99.82409002922736,-0.1745,53.734000365134364,-7.944049518298128,0.625,4.186000342410631,0.573962482323106
60.60000000000032,-0.7979037566953753,2857.7097496172473,98.48607122106729,-0.057249999999999995,53.694896835713244,-5.436138563302656,0.375,4.186000342410631,0.573962482323106
60.800000000000324,-1.1246578672095062,2868.4537902000698,97.21867430227827,-0.1745,53.74550899251146,-7.237830624587581,0.875,4.186000342410631,0.573962482323106
61.00000000000033,-1.2870932522323755,2879.212561049644,95.6828303144715,-0.1745,53.84219950323382,-8.120609253480115,0.375,4.186000342410631,0.573962482323106
61.20000000000033,-1.3676067647340286,2890.0020366755925,94.01415628302614,-0.1745,54.05255675624899,-8.566131060973571,0.625,4.186000342410631,0.573962482323106
61.40000000000033,-1.4084977827106104,2900.8365742941505,92.27872191315281,-0.1745,54.29281942933044,-8.788212637759726,0.625,4.186000342410631,0.573962482323106
61.600000000000335,-0.30284774698054406,2911.7205290618817,90.50981275597253,-0.1745,54.54672824798133,-8.900878934043035,0.625,4.186000342410631,0.573962482323106
61.80000000000034,-0.5922378116544433,2922.623703808535,89.04005102298757,-0.057249999999999995,54.48501921855409,-5.796738395806653,0.375,4.186000342410631,0.573962482323106
62.00000000000034,-0.641717245196559,2933.4942964924016,88.12748694007196,-0.017249999999999995,54.220907620112186,-3.328902433349497,0.125,4.186000342410631,0.573962482323106
62.200000000000344,-1.0456842178562968,2944.3327558826736,87.47362006725771,-0.057249999999999995,54.16368628260648,-3.2097662947929955,0.125,4.186000342410631,0.573962482323106
62.40000000000035,-0.8713585340043838,2955.1578151320286,86.9390419088867,-0.017249999999999995,54.08690621094322,-2.1360152889172186,0.625,4.186000342410631,0.573962482323106
62.60000000000035,-0.41290846797557235,2965.9684087703363,86.46195606473842,-0.057249999999999995,54.01903017213496,-2.6348431525655616,0.125,4.186000342410631,0.573962482323106
62.80000000000035,-0.1874916622822964,2976.765682298235,85.80915673347204,-0.09725,53.953705106849704,-3.8931501600982847,0.125,4.186000342410631,0.573962482323106
63.000000000000355,-0.45924471015029167,2987.5696188358065,84.9672851895742,-0.09725,54.08566026886482,-4.525565278880159,0.875,4.186000342410631,0.573962482323106
63.20000000000036,-0.2166958145629755,2998.3813893738766,84.13542766957141,-0.05725,54.03204511183705,-3.793009921147677,0.125,4.186000342410631,0.573962482323106
63.40000000000036,-0.4754587145694625,3009.1856797313476,83.30998489624143,-0.09725,54.01085846287332,-4.4614178121521295,0.125,4.186000342410631,0.573962482323106
63.600000000000364,-0.978698775267357,3019.982517020941,82.4872162758179,-0.05725,53.95751443305969,-3.7662683920832416,0.125,4.186000342410631,0.573962482323106
63.80000000000037,-0.8535851058954345,3030.754969169065,81.8686272024064,-0.01725,53.76700704817946,-2.4196223420317446,0.125,4.186000342410631,0.573962482323106
64.00000000000037,-0.7953516857146503,3041.5020567511556,81.34825592076581,-0.05725,53.70386877272481,-2.784090474374194,0.125,4.186000342410631,0.573962482323106
64.20000000000037,-0.3995663489630291,3052.25187866387,80.77246782499854,-0.05725,53.794350354419315,-2.973790483298398,0.875,4.186000342410631,0.573962482323106
64.40000000000038,-0.16945874518874499,3063.0057184113057,80.06912062177052,-0.09725,53.744047119941925,-4.0596815489817395,0.125,4.186000342410631,0.573962482323106
64.60000000000038,-0.07715513089889714,3073.74736680061,79.1033743936438,-0.13725,53.67243677310172,-5.597780732285415,0.125,4.186000342410631,0.573962482323106
64.80000000000038,-0.3431174924485045,3084.485256959701,78.00894527306536,-0.09725,53.706464817808154,-5.3465104734989435,0.125,4.186000342410631,0.573962482323106
65.00000000000038,-0.5470651538957774,3095.2210307447667,77.05335546971479,-0.05725,53.65127303285076,-4.209387560006787,0.125,4.186000342410631,0.573962482323106
65.20000000000039,-0.6182652227804233,3105.9357399099817,75.97250030644,-0.1745,53.495818619298554,-6.599164072741182,0.375,4.186000342410631,0.573962482323106
65.40000000000039,-1.0288849039215795,3116.65752340598,74.63262118378266,-0.13449999999999998,53.722016340684775,-6.799627153832132,0.875,4.186000342410631,0.573962482323106
65.60000000000039,-0.857454838862704,3127.4033158084894,73.16325735222229,-0.1745,53.73590768440655,-7.894011161771635,0.125,4.186000342410631,0.573962482323106
65.8000000000004,-0.3269638078749565,3138.164002546133,71.63323457811215,-0.13449999999999998,53.870959692026695,-7.406216579329788,0.125,4.186000342410631,0.573962482323106
66.0000000000004,-0.8951809727592093,3148.9098472086416,70.47802810862322,-0.017249999999999988,53.58748693306085,-4.145848115559567,0.375,4.186000342410631,0.573962482323106
66.2000000000004,-0.08859038792376456,3159.622391622889,69.79961544180229,-0.017249999999999988,53.53795720941259,-2.638278552649803,0.875,4.186000342410631,0.573962482323106
66.4000000000004,-0.6891130663355973,3170.31939566582,69.05399809390796,-0.13449999999999998,53.43208321989585,-4.817894926293379,0.375,4.186000342410631,0.573962482323106
66.6000000000004,-1.0798923555262867,3181.001023602736,67.88194123871476,-0.1745,53.38419614926407,-6.902673625638732,0.625,4.186000342410631,0.573962482323106
66.80000000000041,-1.2787890350591515,3191.6853766480504,66.39758912657085,-0.1745,53.45933430387736,-7.940847495800416,0.375,4.186000342410631,0.573962482323106
67.00000000000041,-0.2745126537306422,3202.3973362747315,64.75678747616621,-0.1745,53.660261962933326,-8.467169008245925,0.625,4.186000342410631,0.573962482323106
67.20000000000041,-0.16896932132058617,3213.119347974778,63.341920769800446,-0.057249999999999995,53.55985503753243,-5.681498055411742,0.125,4.186000342410631,0.573962482323106
67.40000000000042,-0.2568227722731084,3223.834956083479,62.23476624524794,-0.09725,53.59622604947889,-5.390047190113324,0.125,4.186000342410631,0.573962482323106
67.60000000000042,-0.8396014708306864,3234.548684883757,61.27203495339343,-0.05725,53.54106195329953,-4.237265728431776,0.125,4.186000342410631,0.573962482323106
67.80000000000042,-0.7597465943317818,3245.2366908721765,60.579898492944224,-0.01725,53.338997930895474,-2.684098876060246,0.125,4.186000342410631,0.573962482323106
68.00000000000043,-0.36301163978728235,3255.898619203367,60.018545580857946,-0.05725,53.28028538101108,-2.9294302448025564,0.125,4.186000342410631,0.573962482323106
68.20000000000043,-0.9354280575023008,3266.527758744407,59.13352104937365,-0.1745,53.01111002938848,-5.920815070040413,0.375,4.186000342410631,0.573962482323106
68.40000000000043,-1.2265889874376876,3277.135135162549,57.79746170789463,-0.1745,53.06265415202928,-7.439778344749783,0.625,4.186000342410631,0.573962482323106
68.60000000000043,-1.3802087869541404,3287.7546496208456,56.2345767481188,-0.1745,53.13249043093907,-8.189071253008509,0.125,4.186000342410631,0.573962482323106
68.80000000000044,-0.3650457662621484,3298.3983713817606,54.5584394257001,-0.1745,53.30472717821276,-8.572301971178435,0.375,4.186000342410631,0.573962482323106
69.00000000000044,-0.12385067290852286,3309.0490519494283,53.12487456319268,-0.057249999999999995,53.20207849846387,-5.763346653895826,0.125,4.186000342410631,0.573962482323106
69.20000000000044,-0.3691536035808518,3319.693763333011,52.103691061198006,-0.057249999999999995,53.24503533736329,-4.44848836605091,0.625,4.186000342410631,0.573962482323106
69.40000000000045,-0.496927034901658,3330.347654297699,51.27812125851832,-0.057249999999999995,53.29387430952053,-3.807209660745979,0.625,4.186000342410631,0.573962482323106
69.60000000000045,-0.19562638731344284,3341.01622534961,50.548057600744706,-0.057249999999999995,53.39183620958978,-3.493426916990179,0.875,4.186000342410631,0.573962482323106
69.80000000000045,-1.1910783479031655,3351.6917343190216,49.76694709904656,-0.09725,53.3632534845236,-4.3176780999912605,0.125,4.059561787189228,0.8216829448814861
70.00000000000045,-2.756182290352452,3362.3290241549707,49.167413366833756,0.01999999999999999,53.009644874966035,-1.6776592221367626,0.625,4.059561787189228,0.8216829448814861
70.20000000000046,-3.865739675137063,3372.7940448584905,49.23062875129084,0.13724999999999998,51.64056216023208,2.309813066707578,0.125,4.059561787189228,0.8216829448814861
70.40000000000046,-3.4238232309299654,3383.003231413375,49.95235382884349,0.1745,50.45130338861182,4.907437708818969,0.125,4.059561787189228,0.8216829448814861
70.60000000000046,-2.141870012831304,3393.083396554714,50.80273334507749,0.057249999999999995,50.35034802477803,3.5963574535210223,0.375,4.186000342410631,0.573962482323106
70.80000000000047,-1.4641291205787836,3403.136767921137,51.184650811014066,-0.06,50.183365639451885,0.22281720584471598,0.375,4.186000342410631,0.573962482323106
71.00000000000047,-0.12402652448250284,3413.17892896593,51.04976023849142,-0.06,50.238244808476615,-1.5717229310711487,0.875,4.186000342410631,0.573962482323106
71.20000000000047,-0.6032380030124771,3423.192975579831,50.39641492842413,-0.1745,49.902221330533095,-4.961730169601819,0.375,4.186000342410631,0.573962482323106
71.40000000000047,-0.07594931082268441,3433.180164573787,49.22044654443889,-0.1745,49.969668609025945,-6.797953670250521,0.875,4.059561787189228,0.8216829448814861
71.60000000000048,-1.433462140669789,3443.167302675911,48.03509604988971,-0.057249999999999995,49.901712412215495,-5.055551275241331,0.125,4.059561787189228,0.8216829448814861
71.80000000000048,-3.0815482661867737,3453.067701893684,47.36298914670012,0.06,49.10227976551649,-1.665517756654539,0.125,4.059561787189228,0.8216829448814861
72.00000000000048,-3.6454097165124844,3462.7263390997387,47.41532974728418,0.1745,47.484092295031815,2.1889237624951123,0.125,4.059561787189228,0.8216829448814861
72.20000000000049,-3.6630763697751343,3472.1678589096387,47.96621186088457,0.13449999999999998,46.93110580396752,3.3198973735087876,0.625,4.059561787189228,0.8216829448814861
72.40000000000049,-4.3371477059135355,3481.528318863056,48.61373871260497,0.09449999999999997,46.67349373020598,3.155371143695214,0.375,4.059561787189228,0.8216829448814861
72.60000000000049,-4.432252162564596,3490.794800362986,49.37575310138064,0.1745,45.99132126909221,4.464772744061443,0.875,4.059561787189228,0.8216829448814861
72.8000000000005,0.0,3499.9577607618467,50.2645624678862,0.13449999999999998,45.63828271951644,4.423320920994192,0.375,4.186000342410631,0.573962482323106
73.0000000000005,0.0,3509.08262632224,50.92637410519109,0.017249999999999988,45.6103728844146,2.1947954520546977,0.375,4.186000342410631,0.573962482323106
73.2000000000005,0.0,3518.1848859121233,51.032452355129344,-0.1,45.4122230144194,-1.1340129526721183,0.375,4.186000342410631,0.573962482323106
73.4000000000005,0.0,3527.239989128515,50.48606445824695,-0.1745,45.13880914949639,-4.329866016151793,0.375,4.186000342410631,0.573962482323106
73.6000000000005,0.0,3536.276178748136,49.431117352056276,-0.1745,45.22308704671282,-6.219605045754961,0.875,4.059561787189228,0.8216829448814861
73.80000000000051,0.0,3545.3430269043693,48.08661955768969,-0.1745,45.44539451561881,-7.225372897910905,0.875,4.059561787189228,0.8216829448814861
74.00000000000051,0.0,3554.4553645555548,46.65742943527802,-0.13449999999999998,45.67798199623825,-7.066528326205791,0.625,4.059561787189228,0.8216829448814861
74.20000000000051,0.0,3563.6119736063065,45.32693990335918,-0.09449999999999997,45.88810851127781,-6.238366992982578,0.875,4.059561787189228,0.8216829448814861
74.40000000000052,0.0,3572.7881156228873,44.200636124516684,-0.05449999999999997,45.87331165453146,-5.024670795442431,0.375,4.059561787189228,0.8216829448814861
74.60000000000052,0.0,3581.9049759857385,43.47234454979664,0.06275000000000003,45.2952919739804,-2.258244951758065,0.875,4.059561787189228,0.8216829448814861
74.80000000000052,0.0,3590.93060688724,43.16713143007966,0.06275000000000003,44.96101704103705,-0.7938862454117825,0.875,4.059561787189228,0.8216829448814861
75.00000000000053,0.0,3599.9181572831294,43.02114532604722,0.022750000000000027,44.91448691785609,-0.6659747949125907,0.875,4.059561787189228,0.8216829448814861
75.20000000000053,0.0,3608.8692928619516,42.96164876621505,0.06275000000000003,44.59686887036598,0.07100919659087879,0.375,4.059561787189228,0.8216829448814861
75.40000000000053,0.0,3617.756934864109,43.01508277249248,0.06275000000000003,44.27955115120888,0.4633308661833849,0.125,4.059561787189228,0.8216829448814861
75.60000000000053,0.0,3626.6066446357263,42.93611900761574,-0.054499999999999965,44.217546564962014,-1.2529685149507457,0.125,4.059561787189228,0.8216829448814861
75.80000000000054,0.0,3635.450715563367,42.6497158063492,-0.014499999999999964,44.22316271144257,-1.6110634977146132,0.625,4.059561787189228,0.8216829448814861
76.00000000000054,0.0,3644.2819645577533,42.37222422566699,0.025500000000000037,44.08932723241965,-1.163852309107495,0.625,4.059561787189228,0.8216829448814861
76.20000000000054,0.0,3653.0100159800695,42.34780278942007,0.14275000000000004,43.19118699074368,0.9196379466383418,0.375,4.059561787189228,0.8216829448814861
76.40000000000055,0.0,3661.6400403579228,42.46522763645903,0.02550000000000005,43.109056787787864,0.254610523751302,0.375,4.059561787189228,0.8216829448814861
76.60000000000055,0.0,3670.186777458102,42.650544019549585,0.14275000000000004,42.35831421400493,1.5985533071542117,0.125,4.059561787189228,0.8216829448814861
76.80000000000055,0.0,3678.592346448523,43.08789322068227,0.1745,41.69737569020646,2.774938704172635,0.875,4.059561787189228,0.8216829448814861
77.00000000000055,0.0,3686.8665152190983,43.70386802411578,0.1745,41.0443120155445,3.3848093301624265,0.125,4.059561787189228,0.8216829448814861
77.20000000000056,0.0,3695.0286413741333,44.411743864124105,0.1745,40.57694953480461,3.6939490699208655,0.625,4.059561787189228,0.8216829448814861
77.40000000000056,0.0,3703.1069483537804,45.164648434856204,0.1745,40.20612026166522,3.835096637400129,0.875,4.059561787189228,0.8216829448814861
77.60000000000056,0.0,3711.1545085593457,45.781934293439754,0.057249999999999995,40.269481793987836,2.3377619484353804,0.875,4.059561787189228,0.8216829448814861
77.80000000000057,0.0,3719.2165444559337,46.10116358477305,0.017249999999999995,40.35087717189198,0.8545309648975274,0.875,4.059561787189228,0.8216829448814861
78.00000000000057,0.0,3727.2473044076723,46.33295022904933,0.13449999999999998,39.95672234549683,1.463335477865323,0.875,4.059561787189228,0.8216829448814861
78.20000000000057,0.0,3735.1719143011774,46.70678661472082,0.1745,39.28937658955527,2.2750283788495542,0.375,4.059561787189228,0.8216829448814861
78.40000000000057,0.0,3743.000328360743,47.15779110595999,0.13449999999999998,38.99476400609928,2.2350165335421326,0.625,4.059561787189228,0.8216829448814861
78.60000000000058,0.0,3750.760393002146,47.59723770188971,0.13449999999999998,38.60588240792973,2.159449425755096,0.125,4.059561787189228,0.8216829448814861
78.80000000000058,0.0,3758.432418087249,48.0666127324406,0.1745,38.114368443102336,2.534300879753837,0.625,4.059561787189228,0.8216829448814861
79.00000000000058,0.0,3766.044617912251,48.45645508171358,0.057249999999999995,38.00762980691799,1.3641226129759059,0.125,4.059561787189228,0.8216829448814861
79.20000000000059,0.0,3773.6503721247673,48.51435928985154,-0.06,38.04991231824595,-0.7850805315963052,0.625,4.059561787189228,0.8216829448814861
79.40000000000059,0.0,3781.2455782456686,48.0835339360698,-0.1745,37.90214889076852,-3.523173006221082,0.375,4.059561787189228,0.8216829448814861
79.60000000000059,0.0,3788.8289705936554,47.246263085036276,-0.13449999999999998,37.93177458909811,-4.849535504114145,0.125,4.059561787189228,0.8216829448814861
79.8000000000006,0.0,3796.4003560033366,46.33140702847692,-0.017249999999999988,37.78207950771464,-4.299025061479455,0.125,4.059561787189228,0.8216829448814861
80.0000000000006,0.0,3803.948741789442,45.50511038086542,-0.017249999999999988,37.70177835334001,-3.963941414635534,0.375,4.059561787189228,0.8216829448814861
80.2000000000006,0.0,3811.487152314486,44.73295368429878,-0.017249999999999988,37.68232689710045,-3.75762555103084,0.625,4.059561787189228,0.8216829448814861
80.4000000000006,0.0,3819.0324531787587,43.8563835834672,-0.13449999999999998,37.7706817456231,-5.0080754572849795,0.375,4.059561787189228,0.8216829448814861
80.6000000000006,0.0,3826.5861128845754,42.91401654809969,-0.017249999999999988,37.7659153125456,-4.415594896390105,0.875,4.059561787189228,0.8216829448814861
80.80000000000061,0.0,3834.137201318799,42.02137072496414,-0.05724999999999999,37.74496902968939,-4.510863334965341,0.125,4.059561787189228,0.8216829448814861
81.00000000000061,0.0,3841.6824803867808,41.160044418544665,-0.017249999999999988,37.70782165013146,-4.102399729229432,0.625,4.059561787189228,0.8216829448814861
81.20000000000061,0.0,3849.21127656398,40.41206634170041,0.022750000000000013,37.58014012185902,-3.377381039213136,0.875,4.059561787189228,0.8216829448814861
81.40000000000062,0.0,3856.717089761217,39.735447211235076,-0.017249999999999988,37.47799185051146,-3.388810265440204,0.125,4.059561787189228,0.8216829448814861
81.60000000000062,0.0,3864.1492564525656,39.186776204207696,0.1,36.84367506297511,-2.097899804833604,0.125,4.059561787189228,0.8216829448814861
81.80000000000062,0.0,3871.4539183364213,38.88407303272965,0.14,36.202943775580195,-0.9291319099468474,0.625,4.059561787189228,0.8216829448814861
82.00000000000063,0.0,3878.628349570273,38.80028897746411,0.1745,35.541368562933194,0.09129135729143023,0.875,4.059561787189228,0.8216829448814861
82.20000000000063,0.0,3885.669476692165,38.8750553742131,0.1745,34.869902655989144,0.6563726101984172,0.125,4.059561787189228,0.8216829448814861
82.40000000000063,0.0,3892.594471853394,39.03724157223005,0.1745,34.3800489563013,0.9654893699711143,0.625,4.059561787189228,0.8216829448814861
82.60000000000063,0.0,3899.4312144839664,39.24591606882013,0.1745,33.987377349418814,1.1212555959296484,0.875,4.059561787189228,0.8216829448814861
82.80000000000064,0.0,3906.2094090807886,39.441450783616524,0.13449999999999998,33.7945686188027,0.8340915520342871,0.875,4.059561787189228,0.8216829448814861
83.00000000000064,0.0,3912.930046900162,39.61960631465351,0.1745,33.41180957492967,0.9474637583355661,0.875,4.059561787189228,0.8216829448814861
83.20000000000064,0.0,3919.5667243996954,39.810206638318455,0.1745,32.95496542040512,0.958539478313908,0.375,4.059561787189228,0.8216829448814861
83.40000000000065,0.0,3926.1349037378773,39.96569984549423,0.13449999999999998,32.72682796141447,0.5963925934438271,0.625,4.059561787189228,0.8216829448814861
83.60000000000065,0.0,3932.6797966073837,39.96024824231225,0.017249999999999988,32.722100733648425,-0.6509086252636372,0.375,4.059561787189228,0.8216829448814861
83.80000000000065,0.0,3939.2159282303946,39.741836534865186,0.017249999999999988,32.63921549645932,-1.533208449206959,0.125,4.059561787189228,0.8216829448814861
84.00000000000065,0.0,3945.744370602064,39.274696638506725,-0.1,32.64520822023429,-3.1381905143776523,0.125,4.059561787189228,0.8216829448814861
84.20000000000066,0.0,3952.2667459504146,38.633275626495916,0.017249999999999988,32.578545263271266,-3.276019605730431,0.625,4.059561787189228,0.8216829448814861
84.40000000000066,0.0,3958.801011400184,37.86751036279966,-0.1,32.7641092344226,-4.3816330312320995,0.875,4.059561787189228,0.8216829448814861
84.60000000000066,0.0,3965.3576888085795,36.95069313846842,-0.060000000000000005,32.802664849530636,-4.786539212080388,0.375,4.059561787189228,0.8216829448814861
84.80000000000067,0.0,3971.906364265637,36.00094392107043,-0.020000000000000004,32.68408972104377,-4.710952961899447,0.125,4.059561787189228,0.8216829448814861
85.00000000000067,0.0,3978.3821374003883,35.159663891785435,0.09724999999999999,32.07364162646981,-3.7018473309505135,0.125,4.059561787189228,0.8216829448814861
85.20000000000067,0.0,3984.708189971221,34.536280758065004,0.1745,31.18688408186047,-2.5319840062538197,0.375,4.059561787189228,0.8216829448814861
85.40000000000067,0.0,3990.9357813826123,34.01644273917199,0.057249999999999995,31.08903003204889,-2.666396182676288,0.875,4.059561787189228,0.8216829448814861
85.60000000000068,-1000.0,3997.163878591904,33.38380989521605,-0.06,31.191942060867227,-3.6599322568831982,0.625,4.059561787189228,0.8216829448814861
