state,action,value
1,1,0.0
1,2,0.0
1,3,0.0
1,4,0.0
1,5,0.0
1,6,0.0
1,7,0.0
1,8,0.0
1,9,0.0
1,10,0.0
1,11,0.0
1,12,0.0
2,1,0.0
2,2,0.0
2,3,0.0
2,4,0.0
2,5,0.0
2,6,0.0
2,7,0.0
2,8,0.0
2,9,0.0
2,10,0.0
2,11,0.0
2,12,0.0
3,1,0.0
3,2,0.0
3,3,0.0
3,4,0.0
3,5,0.0
3,6,0.0
3,7,0.0
3,8,0.0
3,9,0.0
3,10,0.0
3,11,0.0
3,12,0.0
4,1,0.0
4,2,0.0
4,3,0.0
4,4,0.0
4,5,0.0
4,6,0.0
4,7,0.0
4,8,0.0
4,9,0.0
4,10,0.0
4,11,0.0
4,12,0.0
5,1,0.0
5,2,0.0
5,3,0.0
5,4,0.0
5,5,0.0
5,6,0.0
5,7,0.0
5,8,0.0
5,9,0.0
5,10,0.0
5,11,0.0
5,12,0.0
6,1,0.0
6,2,0.0
6,3,0.0
6,4,0.0
6,5,0.0
6,6,0.0
6,7,0.0
6,8,0.0
6,9,0.0
6,10,0.0
6,11,0.0
6,12,0.0
7,1,0.0
7,2,0.0
7,3,0.0
7,4,0.0
7,5,0.0
7,6,0.0
7,7,0.0
7,8,0.0
7,9,0.0
7,10,0.0
7,11,0.0
7,12,0.0
8,1,0.0
8,2,0.0
8,3,0.0
8,4,0.0
8,5,0.0
8,6,0.0
8,7,0.0
8,8,0.0
8,9,0.0
8,10,0.0
8,11,0.0
8,12,0.0
9,1,0.0
9,2,0.0
9,3,0.0
9,4,0.0
9,5,0.0
9,6,0.0
9,7,0.0
9,8,0.0
9,9,0.0
9,10,0.0
9,11,0.0
9,12,0.0
10,1,0.0
10,2,0.0
10,3,0.0
10,4,0.0
10,5,0.0
10,6,0.0
10,7,0.0
10,8,0.0
10,9,0.0
10,10,0.0
10,11,0.0
10,12,0.0
11,1,0.0
11,2,0.0
11,3,0.0
11,4,0.0
11,5,0.0
11,6,0.0
11,7,0.0
11,8,0.0
11,9,0.0
11,10,0.0
11,11,0.0
11,12,0.0
12,1,0.0
12,2,0.0
12,3,0.0
12,4,0.0
12,5,0.0
12,6,0.0
12,7,0.0
12,8,0.0
12,9,0.0
12,10,0.0
12,11,0.0
12,12,0.0
13,1,0.0
13,2,0.0
13,3,0.0
13,4,0.0
13,5,0.0
13,6,0.0
13,7,0.0
13,8,0.0
13,9,0.0
13,10,0.0
13,11,0.0
13,12,0.0
14,1,0.0
14,2,0.0
14,3,0.0
14,4,0.0
14,5,0.0
14,6,0.0
14,7,0.0
14,8,0.0
14,9,0.0
14,10,0.0
14,11,0.0
14,12,0.0
15,1,0.0
15,2,0.0
15,3,0.0
15,4,0.0
15,5,0.0
15,6,0.0
15,7,0.0
15,8,0.0
15,9,0.0
15,10,0.0
15,11,0.0
15,12,0.0
16,1,0.0
16,2,0.0
16,3,0.0
16,4,0.0
16,5,0.0
16,6,0.0
16,7,0.0
16,8,0.0
16,9,0.0
16,10,0.0
16,11,0.0
16,12,0.0
17,1,0.0
17,2,0.0
17,3,0.0
17,4,0.0
17,5,0.0
17,6,0.0
17,7,0.0
17,8,0.0
17,9,0.0
17,10,0.0
17,11,0.0
17,12,0.0
18,1,0.0
18,2,0.0
18,3,0.0
18,4,0.0
18,5,0.0
18,6,0.0
18,7,0.0
18,8,0.0
18,9,0.0
18,10,0.0
18,11,0.0
18,12,0.0
19,1,0.0
19,2,0.0
19,3,0.0
19,4,0.0
19,5,0.0
19,6,0.0
19,7,0.0
19,8,0.0
19,9,0.0
19,10,0.0
19,11,0.0
19,12,0.0
20,1,0.0
20,2,0.0
20,3,0.0
20,4,0.0
20,5,0.0
20,6,0.0
20,7,0.0
20,8,0.0
20,9,0.0
20,10,0.0
20,11,0.0
20,12,0.0
21,1,0.0
21,2,0.0
21,3,0.0
21,4,0.0
21,5,0.0
21,6,0.0
21,7,0.0
21,8,0.0
21,9,0.0
21,10,0.0
21,11,0.0
21,12,0.0
22,1,0.0
22,2,0.0
22,3,0.0
22,4,0.0
22,5,0.0
22,6,0.0
22,7,0.0
22,8,0.0
22,9,0.0
22,10,0.0
22,11,0.0
22,12,0.0
23,1,0.0
23,2,0.0
23,3,0.0
23,4,0.0
23,5,0.0
23,6,0.0
23,7,0.0
23,8,0.0
23,9,0.0
23,10,0.0
23,11,0.0
23,12,0.0
24,1,0.0
24,2,0.0
24,3,0.0
24,4,0.0
24,5,0.0
24,6,0.0
24,7,0.0
24,8,0.0
24,9,0.0
24,10,0.0
24,11,0.0
24,12,0.0
25,1,0.0
25,2,0.0
25,3,0.0
25,4,0.0
25,5,0.0
25,6,0.0
25,7,0.0
25,8,0.0
25,9,0.0
25,10,0.0
25,11,0.0
25,12,0.0
26,1,0.0
26,2,0.0
26,3,0.0
26,4,0.0
26,5,0.0
26,6,0.0
26,7,0.0
26,8,0.0
26,9,0.0
26,10,0.0
26,11,0.0
26,12,0.0
27,1,0.0
27,2,0.0
27,3,0.0
27,4,0.0
27,5,0.0
27,6,0.0
27,7,0.0
27,8,0.0
27,9,0.0
27,10,0.0
27,11,0.0
27,12,0.0
28,1,0.0
28,2,0.0
28,3,0.0
28,4,0.0
28,5,0.0
28,6,0.0
28,7,0.0
28,8,0.0
28,9,0.0
28,10,0.0
28,11,0.0
28,12,0.0
29,1,0.0
29,2,0.0
29,3,0.0
29,4,0.0
29,5,0.0
29,6,0.0
29,7,0.0
29,8,0.0
29,9,0.0
29,10,0.0
29,11,0.0
29,12,0.0
30,1,0.0
30,2,0.0
30,3,0.0
30,4,0.0
30,5,0.0
30,6,0.0
30,7,0.0
30,8,0.0
30,9,0.0
30,10,0.0
30,11,0.0
30,12,0.0
31,1,0.0
31,2,0.0
31,3,0.0
31,4,0.0
31,5,0.0
31,6,0.0
31,7,0.0
31,8,0.0
31,9,0.0
31,10,0.0
31,11,0.0
31,12,0.0
32,1,0.0
32,2,0.0
32,3,0.0
32,4,0.0
32,5,0.0
32,6,0.0
32,7,0.0
32,8,0.0
32,9,0.0
32,10,0.0
32,11,0.0
32,12,0.0
33,1,0.0
33,2,0.0
33,3,0.0
33,4,0.0
33,5,0.0
33,6,0.0
33,7,0.0
33,8,0.0
33,9,0.0
33,10,0.0
33,11,0.0
33,12,0.0
34,1,0.0
34,2,0.0
34,3,0.0
34,4,0.0
34,5,0.0
34,6,0.0
34,7,0.0
34,8,0.0
34,9,0.0
34,10,0.0
34,11,0.0
34,12,0.0
35,1,0.0
35,2,0.0
35,3,0.0
35,4,0.0
35,5,0.0
35,6,0.0
35,7,0.0
35,8,0.0
35,9,0.0
35,10,0.0
35,11,0.0
35,12,0.0
36,1,0.0
36,2,0.0
36,3,0.0
36,4,0.0
36,5,0.0
36,6,0.0
36,7,0.0
36,8,0.0
36,9,0.0
36,10,0.0
36,11,0.0
36,12,0.0
37,1,0.0
37,2,0.0
37,3,0.0
37,4,0.0
37,5,0.0
37,6,0.0
37,7,0.0
37,8,0.0
37,9,0.0
37,10,0.0
37,11,0.0
37,12,0.0
38,1,0.0
38,2,0.0
38,3,0.0
38,4,0.0
38,5,0.0
38,6,0.0
38,7,0.0
38,8,0.0
38,9,0.0
38,10,0.0
38,11,0.0
38,12,0.0
39,1,0.0
39,2,0.0
39,3,0.0
39,4,0.0
39,5,0.0
39,6,0.0
39,7,0.0
39,8,0.0
39,9,0.0
39,10,0.0
39,11,0.0
39,12,0.0
40,1,0.0
40,2,0.0
40,3,0.0
40,4,0.0
40,5,0.0
40,6,0.0
40,7,0.0
40,8,0.0
40,9,0.0
40,10,0.0
40,11,0.0
40,12,0.0
41,1,0.0
41,2,0.0
41,3,0.0
41,4,0.0
41,5,0.0
41,6,0.0
41,7,0.0
41,8,0.0
41,9,0.0
41,10,0.0
41,11,0.0
41,12,0.0
42,1,0.0
42,2,0.0
42,3,0.0
42,4,0.0
42,5,0.0
42,6,0.0
42,7,0.0
42,8,0.0
42,9,0.0
42,10,0.0
42,11,0.0
42,12,0.0
43,1,0.0
43,2,0.0
43,3,0.0
43,4,0.0
43,5,0.0
43,6,0.0
43,7,0.0
43,8,0.0
43,9,0.0
43,10,0.0
43,11,0.0
43,12,0.0
44,1,0.0
44,2,0.0
44,3,0.0
44,4,0.0
44,5,0.0
44,6,0.0
44,7,0.0
44,8,0.0
44,9,0.0
44,10,0.0
44,11,0.0
44,12,0.0
45,1,0.0
45,2,0.0
45,3,0.0
45,4,0.0
45,5,0.0
45,6,0.0
45,7,0.0
45,8,0.0
45,9,0.0
45,10,0.0
45,11,0.0
45,12,0.0
46,1,0.0
46,2,0.0
46,3,0.0
46,4,0.0
46,5,0.0
46,6,0.0
46,7,0.0
46,8,0.0
46,9,0.0
46,10,0.0
46,11,0.0
46,12,0.0
47,1,0.0
47,2,0.0
47,3,0.0
47,4,0.0
47,5,0.0
47,6,0.0
47,7,0.0
47,8,0.0
47,9,0.0
47,10,0.0
47,11,0.0
47,12,0.0
48,1,0.0
48,2,0.0
48,3,0.0
48,4,0.0
48,5,0.0
48,6,0.0
48,7,0.0
48,8,0.0
48,9,0.0
48,10,0.0
48,11,0.0
48,12,0.0
49,1,0.0
49,2,0.0
49,3,0.0
49,4,0.0
49,5,0.0
49,6,0.0
49,7,0.0
49,8,0.0
49,9,0.0
49,10,0.0
49,11,0.0
49,12,0.0
50,1,0.0
50,2,0.0
50,3,0.0
50,4,0.0
50,5,0.0
50,6,0.0
50,7,0.0
50,8,0.0
50,9,0.0
50,10,0.0
50,11,0.0
50,12,0.0
51,1,0.0
51,2,0.0
51,3,0.0
51,4,0.0
51,5,0.0
51,6,0.0
51,7,0.0
51,8,0.0
51,9,0.0
51,10,0.0
51,11,0.0
51,12,0.0
52,1,0.0
52,2,0.0
52,3,0.0
52,4,0.0
52,5,0.0
52,6,0.0
52,7,0.0
52,8,0.0
52,9,0.0
52,10,0.0
52,11,0.0
52,12,0.0
53,1,0.0
53,2,0.0
53,3,0.0
53,4,0.0
53,5,0.0
53,6,0.0
53,7,0.0
53,8,0.0
53,9,0.0
53,10,0.0
53,11,0.0
53,12,0.0
54,1,0.0
54,2,0.0
54,3,0.0
54,4,0.0
54,5,0.0
54,6,0.0
54,7,0.0
54,8,0.0
54,9,0.0
54,10,0.0
54,11,0.0
54,12,0.0
55,1,0.0
55,2,0.0
55,3,0.0
55,4,0.0
55,5,0.0
55,6,0.0
55,7,0.0
55,8,0.0
55,9,0.0
55,10,0.0
55,11,0.0
55,12,0.0
56,1,0.0
56,2,0.0
56,3,0.0
56,4,0.0
56,5,0.0
56,6,0.0
56,7,0.0
56,8,0.0
56,9,0.0
56,10,0.0
56,11,0.0
56,12,0.0
57,1,0.0
57,2,0.0
57,3,0.0
57,4,0.0
57,5,0.0
57,6,0.0
57,7,0.0
57,8,0.0
57,9,0.0
57,10,0.0
57,11,0.0
57,12,0.0
58,1,0.0
58,2,0.0
58,3,0.0
58,4,0.0
58,5,0.0
58,6,0.0
58,7,0.0
58,8,0.0
58,9,0.0
58,10,0.0
58,11,0.0
58,12,0.0
59,1,0.0
59,2,0.0
59,3,0.0
59,4,0.0
59,5,0.0
59,6,0.0
59,7,0.0
59,8,0.0
59,9,0.0
59,10,0.0
59,11,0.0
59,12,0.0
60,1,0.0
60,2,0.0
60,3,0.0
60,4,0.0
60,5,0.0
60,6,0.0
60,7,0.0
60,8,0.0
60,9,0.0
60,10,0.0
60,11,0.0
60,12,0.0
61,1,0.0
61,2,0.0
61,3,0.0
61,4,0.0
61,5,0.0
61,6,0.0
61,7,0.0
61,8,0.0
61,9,0.0
61,10,0.0
61,11,0.0
61,12,0.0
62,1,0.0
62,2,0.0
62,3,0.0
62,4,0.0
62,5,0.0
62,6,0.0
62,7,0.0
62,8,0.0
62,9,0.0
62,10,0.0
62,11,0.0
62,12,0.0
63,1,0.0
63,2,0.0
63,3,0.0
63,4,0.0
63,5,0.0
63,6,0.0
63,7,0.0
63,8,0.0
63,9,0.0
63,10,0.0
63,11,0.0
63,12,0.0
64,1,0.0
64,2,0.0
64,3,0.0
64,4,0.0
64,5,0.0
64,6,0.0
64,7,0.0
64,8,0.0
64,9,0.0
64,10,0.0
64,11,0.0
64,12,0.0
65,1,0.0
65,2,0.0
65,3,0.0
65,4,0.0
65,5,0.0
65,6,0.0
65,7,0.0
65,8,0.0
65,9,0.0
65,10,0.0
65,11,0.0
65,12,0.0
66,1,0.0
66,2,0.0
66,3,0.0
66,4,0.0
66,5,0.0
66,6,0.0
66,7,0.0
66,8,0.0
66,9,0.0
66,10,0.0
66,11,0.0
66,12,0.0
67,1,0.0
67,2,0.0
67,3,0.0
67,4,0.0
67,5,0.0
67,6,0.0
67,7,0.0
67,8,0.0
67,9,0.0
67,10,0.0
67,11,0.0
67,12,0.0
68,1,0.0
68,2,0.0
68,3,0.0
68,4,0.0
68,5,0.0
68,6,0.0
68,7,0.0
68,8,0.0
68,9,0.0
68,10,0.0
68,11,0.0
68,12,0.0
69,1,0.0
69,2,0.0
69,3,0.0
69,4,0.0
69,5,0.0
69,6,0.0
69,7,0.0
69,8,0.0
69,9,0.0
69,10,0.0
69,11,0.0
69,12,0.0
70,1,0.0
70,2,0.0
70,3,0.0
70,4,0.0
70,5,0.0
70,6,0.0
70,7,0.0
70,8,0.0
70,9,0.0
70,10,0.0
70,11,0.0
70,12,0.0
71,1,0.0
71,2,0.0
71,3,0.0
71,4,0.0
71,5,0.0
71,6,0.0
71,7,0.0
71,8,0.0
71,9,0.0
71,10,0.0
71,11,0.0
71,12,0.0
72,1,0.0
72,2,0.0
72,3,0.0
72,4,0.0
72,5,0.0
72,6,0.0
72,7,0.0
72,8,0.0
72,9,0.0
72,10,0.0
72,11,0.0
72,12,0.0
73,1,0.0
73,2,0.0
73,3,0.0
73,4,0.0
73,5,0.0
73,6,0.0
73,7,0.0
73,8,0.0
73,9,0.0
73,10,0.0
73,11,0.0
73,12,0.0
74,1,0.0
74,2,0.0
74,3,0.0
74,4,0.0
74,5,0.0
74,6,0.0
74,7,0.0
74,8,0.0
74,9,0.0
74,10,0.0
74,11,0.0
74,12,0.0
75,1,0.0
75,2,0.0
75,3,0.0
75,4,0.0
75,5,0.0
75,6,0.0
75,7,0.0
75,8,0.0
75,9,0.0
75,10,0.0
75,11,0.0
75,12,0.0
76,1,0.0
76,2,0.0
76,3,0.0
76,4,0.0
76,5,0.0
76,6,0.0
76,7,0.0
76,8,0.0
76,9,0.0
76,10,0.0
76,11,0.0
76,12,0.0
77,1,0.0
77,2,0.0
77,3,0.0
77,4,0.0
77,5,0.0
77,6,0.0
77,7,0.0
77,8,0.0
77,9,0.0
77,10,0.0
77,11,0.0
77,12,0.0
78,1,0.0
78,2,0.0
78,3,0.0
78,4,0.0
78,5,0.0
78,6,0.0
78,7,0.0
78,8,0.0
78,9,0.0
78,10,0.0
78,11,0.0
78,12,0.0
79,1,0.0
79,2,0.0
79,3,0.0
79,4,0.0
79,5,0.0
79,6,0.0
79,7,0.0
79,8,0.0
79,9,0.0
79,10,0.0
79,11,0.0
79,12,0.0
80,1,0.0
80,2,0.0
80,3,0.0
80,4,0.0
80,5,0.0
80,6,0.0
80,7,0.0
80,8,0.0
80,9,0.0
80,10,0.0
80,11,0.0
80,12,0.0
81,1,0.0
81,2,0.0
81,3,0.0
81,4,0.0
81,5,0.0
81,6,0.0
81,7,0.0
81,8,0.0
81,9,0.0
81,10,0.0
81,11,0.0
81,12,0.0
82,1,0.0
82,2,0.0
82,3,0.0
82,4,0.0
82,5,0.0
82,6,0.0
82,7,0.0
82,8,0.0
82,9,0.0
82,10,0.0
82,11,0.0
82,12,0.0
83,1,0.0
83,2,0.0
83,3,0.0
83,4,0.0
83,5,0.0
83,6,0.0
83,7,0.0
83,8,0.0
83,9,0.0
83,10,0.0
83,11,0.0
83,12,0.0
84,1,0.0
84,2,0.0
84,3,0.0
84,4,0.0
84,5,0.0
84,6,0.0
84,7,0.0
84,8,0.0
84,9,0.0
84,10,0.0
84,11,0.0
84,12,0.0
85,1,0.0
85,2,0.0
85,3,0.0
85,4,0.0
85,5,0.0
85,6,0.0
85,7,0.0
85,8,0.0
85,9,0.0
85,10,0.0
85,11,0.0
85,12,0.0
86,1,0.0
86,2,0.0
86,3,0.0
86,4,0.0
86,5,0.0
86,6,0.0
86,7,0.0
86,8,0.0
86,9,0.0
86,10,0.0
86,11,0.0
86,12,0.0
87,1,0.0
87,2,0.0
87,3,0.0
87,4,0.0
87,5,0.0
87,6,0.0
87,7,0.0
87,8,0.0
87,9,0.0
87,10,0.0
87,11,0.0
87,12,0.0
88,1,0.0
88,2,0.0
88,3,0.0
88,4,0.0
88,5,0.0
88,6,0.0
88,7,0.0
88,8,0.0
88,9,0.0
88,10,0.0
88,11,0.0
88,12,0.0
89,1,0.0
89,2,0.0
89,3,0.0
89,4,0.0
89,5,0.0
89,6,0.0
89,7,0.0
89,8,0.0
89,9,0.0
89,10,0.0
89,11,0.0
89,12,0.0
90,1,0.0
90,2,0.0
90,3,0.0
90,4,0.0
90,5,0.0
90,6,0.0
90,7,0.0
90,8,0.0
90,9,0.0
90,10,0.0
90,11,0.0
90,12,0.0
91,1,0.0
91,2,0.0
91,3,0.0
91,4,0.0
91,5,0.0
91,6,0.0
91,7,0.0
91,8,0.0
91,9,0.0
91,10,0.0
91,11,0.0
91,12,0.0
92,1,0.0
92,2,0.0
92,3,0.0
92,4,0.0
92,5,0.0
92,6,0.0
92,7,0.0
92,8,0.0
92,9,0.0
92,10,0.0
92,11,0.0
92,12,0.0
93,1,0.0
93,2,0.0
93,3,0.0
93,4,0.0
93,5,0.0
93,6,0.0
93,7,0.0
93,8,0.0
93,9,0.0
93,10,0.0
93,11,0.0
93,12,0.0
94,1,0.0
94,2,0.0
94,3,0.0
94,4,0.0
94,5,0.0
94,6,0.0
94,7,0.0
94,8,0.0
94,9,0.0
94,10,0.0
94,11,0.0
94,12,0.0
95,1,0.0
95,2,0.0
95,3,0.0
95,4,0.0
95,5,0.0
95,6,0.0
95,7,0.0
95,8,0.0
95,9,0.0
95,10,0.0
95,11,0.0
95,12,0.0
96,1,0.0
96,2,0.0
96,3,0.0
96,4,0.0
96,5,0.0
96,6,0.0
96,7,0.0
96,8,0.0
96,9,0.0
96,10,0.0
96,11,0.0
96,12,0.0
97,1,0.0
97,2,0.0
97,3,0.0
97,4,0.0
97,5,0.0
97,6,0.0
97,7,0.0
97,8,0.0
97,9,0.0
97,10,0.0
97,11,0.0
97,12,0.0
98,1,0.0
98,2,0.0
98,3,0.0
98,4,0.0
98,5,0.0
98,6,0.0
98,7,0.0
98,8,0.0
98,9,0.0
98,10,0.0
98,11,0.0
98,12,0.0
99,1,0.0
99,2,0.0
99,3,0.0
99,4,0.0
99,5,0.0
99,6,0.0
99,7,0.0
99,8,0.0
99,9,0.0
99,10,0.0
99,11,0.0
99,12,0.0
100,1,0.0
100,2,0.0
100,3,0.0
100,4,0.0
100,5,0.0
100,6,0.0
100,7,0.0
100,8,0.0
100,9,0.0
100,10,0.0
100,11,0.0
100,12,0.0
101,1,0.0
101,2,0.0
101,3,0.0
101,4,0.0
101,5,0.0
101,6,0.0
101,7,0.0
101,8,0.0
101,9,0.0
101,10,0.0
101,11,0.0
101,12,0.0
102,1,0.0
102,2,0.0
102,3,0.0
102,4,0.0
102,5,0.0
102,6,0.0
102,7,0.0
102,8,0.0
102,9,0.0
102,10,0.0
102,11,0.0
102,12,0.0
103,1,0.0
103,2,0.0
103,3,0.0
103,4,0.0
103,5,0.0
103,6,0.0
103,7,0.0
103,8,0.0
103,9,0.0
103,10,0.0
103,11,0.0
103,12,0.0
104,1,0.0
104,2,0.0
104,3,0.0
104,4,0.0
104,5,0.0
104,6,0.0
104,7,0.0
104,8,0.0
104,9,0.0
104,10,0.0
104,11,0.0
104,12,0.0
105,1,0.0
105,2,0.0
105,3,0.0
105,4,0.0
105,5,0.0
105,6,0.0
105,7,0.0
105,8,0.0
105,9,0.0
105,10,0.0
105,11,0.0
105,12,0.0
106,1,0.0
106,2,0.0
106,3,0.0
106,4,0.0
106,5,0.0
106,6,0.0
106,7,0.0
106,8,0.0
106,9,0.0
106,10,0.0
106,11,0.0
106,12,0.0
107,1,0.0
107,2,0.0
107,3,0.0
107,4,0.0
107,5,0.0
107,6,0.0
107,7,0.0
107,8,0.0
107,9,0.0
107,10,0.0
107,11,0.0
107,12,0.0
108,1,0.0
108,2,0.0
108,3,0.0
108,4,0.0
108,5,0.0
108,6,0.0
108,7,0.0
108,8,0.0
108,9,0.0
108,10,0.0
108,11,0.0
108,12,0.0
109,1,0.0
109,2,0.0
109,3,0.0
109,4,0.0
109,5,0.0
109,6,0.0
109,7,0.0
109,8,0.0
109,9,0.0
109,10,0.0
109,11,0.0
109,12,0.0
110,1,0.0
110,2,0.0
110,3,0.0
110,4,0.0
110,5,0.0
110,6,0.0
110,7,0.0
110,8,0.0
110,9,0.0
110,10,0.0
110,11,0.0
110,12,0.0
111,1,0.0
111,2,0.0
111,3,0.0
111,4,0.0
111,5,0.0
111,6,0.0
111,7,0.0
111,8,0.0
111,9,0.0
111,10,0.0
111,11,0.0
111,12,0.0
112,1,0.0
112,2,0.0
112,3,0.0
112,4,0.0
112,5,0.0
112,6,0.0
112,7,0.0
112,8,0.0
112,9,0.0
112,10,0.0
112,11,0.0
112,12,0.0
113,1,0.0
113,2,0.0
113,3,0.0
113,4,0.0
113,5,0.0
113,6,0.0
113,7,0.0
113,8,0.0
113,9,0.0
113,10,0.0
113,11,0.0
113,12,0.0
114,1,0.0
114,2,0.0
114,3,0.0
114,4,0.0
114,5,0.0
114,6,0.0
114,7,0.0
114,8,0.0
114,9,0.0
114,10,0.0
114,11,0.0
114,12,0.0
115,1,0.0
115,2,0.0
115,3,0.0
115,4,0.0
115,5,0.0
115,6,0.0
115,7,0.0
115,8,0.0
115,9,0.0
115,10,0.0
115,11,0.0
115,12,0.0
116,1,0.0
116,2,0.0
116,3,0.0
116,4,0.0
116,5,0.0
116,6,0.0
116,7,0.0
116,8,0.0
116,9,0.0
116,10,0.0
116,11,0.0
116,12,0.0
117,1,0.0
117,2,0.0
117,3,0.0
117,4,0.0
117,5,0.0
117,6,0.0
117,7,0.0
117,8,0.0
117,9,0.0
117,10,0.0
117,11,0.0
117,12,0.0
118,1,0.0
118,2,0.0
118,3,0.0
118,4,0.0
118,5,0.0
118,6,0.0
118,7,0.0
118,8,0.0
118,9,0.0
118,10,0.0
118,11,0.0
118,12,0.0
119,1,0.0
119,2,0.0
119,3,0.0
119,4,0.0
119,5,0.0
119,6,0.0
119,7,0.0
119,8,0.0
119,9,0.0
119,10,0.0
119,11,0.0
119,12,0.0
120,1,0.0
120,2,0.0
120,3,0.0
120,4,0.0
120,5,0.0
120,6,0.0
120,7,0.0
120,8,0.0
120,9,0.0
120,10,0.0
120,11,0.0
120,12,0.0
121,1,0.0
121,2,0.0
121,3,0.0
121,4,0.0
121,5,0.0
121,6,0.0
121,7,0.0
121,8,0.0
121,9,0.0
121,10,0.0
121,11,0.0
121,12,0.0
122,1,0.0
122,2,0.0
122,3,0.0
122,4,0.0
122,5,0.0
122,6,0.0
122,7,0.0
122,8,0.0
122,9,0.0
122,10,0.0
122,11,0.0
122,12,0.0
123,1,0.0
123,2,0.0
123,3,0.0
123,4,0.0
123,5,0.0
123,6,0.0
123,7,0.0
123,8,0.0
123,9,0.0
123,10,0.0
123,11,0.0
123,12,0.0
124,1,0.0
124,2,0.0
124,3,0.0
124,4,0.0
124,5,0.0
124,6,0.0
124,7,0.0
124,8,0.0
124,9,0.0
124,10,0.0
124,11,0.0
124,12,0.0
125,1,0.0
125,2,0.0
125,3,0.0
125,4,0.0
125,5,0.0
125,6,0.0
125,7,0.0
125,8,0.0
125,9,0.0
125,10,0.0
125,11,0.0
125,12,0.0
126,1,0.0
126,2,0.0
126,3,0.0
126,4,0.0
126,5,0.0
126,6,0.0
126,7,0.0
126,8,0.0
126,9,0.0
126,10,0.0
126,11,0.0
126,12,0.0
127,1,0.0
127,2,0.0
127,3,0.0
127,4,0.0
127,5,0.0
127,6,0.0
127,7,0.0
127,8,0.0
127,9,0.0
127,10,0.0
127,11,0.0
127,12,0.0
128,1,0.0
128,2,0.0
128,3,0.0
128,4,0.0
128,5,0.0
128,6,0.0
128,7,0.0
128,8,0.0
128,9,0.0
128,10,0.0
128,11,0.0
128,12,0.0
129,1,0.0
129,2,0.0
129,3,0.0
129,4,0.0
129,5,0.0
129,6,0.0
129,7,0.0
129,8,0.0
129,9,0.0
129,10,0.0
129,11,0.0
129,12,0.0
130,1,0.0
130,2,0.0
130,3,0.0
130,4,0.0
130,5,0.0
130,6,0.0
130,7,0.0
130,8,0.0
130,9,0.0
130,10,0.0
130,11,0.0
130,12,0.0
131,1,0.0
131,2,0.0
131,3,0.0
131,4,0.0
131,5,0.0
131,6,0.0
131,7,0.0
131,8,0.0
131,9,0.0
131,10,0.0
131,11,0.0
131,12,0.0
132,1,0.0
132,2,0.0
132,3,0.0
132,4,0.0
132,5,0.0
132,6,0.0
132,7,0.0
132,8,0.0
132,9,0.0
132,10,0.0
132,11,0.0
132,12,0.0
133,1,0.0
133,2,0.0
133,3,0.0
133,4,0.0
133,5,0.0
133,6,0.0
133,7,0.0
133,8,0.0
133,9,0.0
133,10,0.0
133,11,0.0
133,12,0.0
134,1,0.0
134,2,0.0
134,3,0.0
134,4,0.0
134,5,0.0
134,6,0.0
134,7,0.0
134,8,0.0
134,9,0.0
134,10,0.0
134,11,0.0
134,12,0.0
135,1,0.0
135,2,0.0
135,3,0.0
135,4,0.0
135,5,0.0
135,6,0.0
135,7,0.0
135,8,0.0
135,9,0.0
135,10,0.0
135,11,0.0
135,12,0.0
136,1,0.0
136,2,0.0
136,3,0.0
136,4,0.0
136,5,0.0
136,6,0.0
136,7,0.0
136,8,0.0
136,9,0.0
136,10,0.0
136,11,0.0
136,12,0.0
137,1,0.0
137,2,0.0
137,3,0.0
137,4,0.0
137,5,0.0
137,6,0.0
137,7,0.0
137,8,0.0
137,9,0.0
137,10,0.0
137,11,0.0
137,12,0.0
138,1,0.0
138,2,0.0
138,3,0.0
138,4,0.0
138,5,0.0
138,6,0.0
138,7,0.0
138,8,0.0
138,9,0.0
138,10,0.0
138,11,0.0
138,12,0.0
139,1,0.0
139,2,0.0
139,3,0.0
139,4,0.0
139,5,0.0
139,6,0.0
139,7,0.0
139,8,0.0
139,9,0.0
139,10,0.0
139,11,0.0
139,12,0.0
140,1,0.0
140,2,0.0
140,3,0.0
140,4,0.0
140,5,0.0
140,6,0.0
140,7,0.0
140,8,0.0
140,9,0.0
140,10,0.0
140,11,0.0
140,12,0.0
141,1,0.0
141,2,0.0
141,3,0.0
141,4,0.0
141,5,0.0
141,6,0.0
141,7,0.0
141,8,0.0
141,9,0.0
141,10,0.0
141,11,0.0
141,12,0.0
142,1,0.0
142,2,0.0
142,3,0.0
142,4,0.0
142,5,0.0
142,6,0.0
142,7,0.0
142,8,0.0
142,9,0.0
142,10,0.0
142,11,0.0
142,12,0.0
143,1,0.0
143,2,0.0
143,3,0.0
143,4,0.0
143,5,0.0
143,6,0.0
143,7,0.0
143,8,0.0
143,9,0.0
143,10,0.0
143,11,0.0
143,12,0.0
144,1,0.0
144,2,0.0
144,3,0.0
144,4,0.0
144,5,0.0
144,6,0.0
144,7,0.0
144,8,0.0
144,9,0.0
144,10,0.0
144,11,0.0
144,12,0.0
145,1,0.0
145,2,0.0
145,3,0.0
145,4,0.0
145,5,0.0
145,6,0.0
145,7,0.0
145,8,0.0
145,9,0.0
145,10,0.0
145,11,0.0
145,12,0.0
146,1,0.0
146,2,0.0
146,3,0.0
146,4,0.0
146,5,0.0
146,6,0.0
146,7,0.0
146,8,0.0
146,9,0.0
146,10,0.0
146,11,0.0
146,12,0.0
147,1,0.0
147,2,0.0
147,3,0.0
147,4,0.0
147,5,0.0
147,6,0.0
147,7,0.0
147,8,0.0
147,9,0.0
147,10,0.0
147,11,0.0
147,12,0.0
148,1,0.0
148,2,0.0
148,3,0.0
148,4,0.0
148,5,0.0
148,6,0.0
148,7,0.0
148,8,0.0
148,9,0.0
148,10,0.0
148,11,0.0
148,12,0.0
149,1,0.0
149,2,0.0
149,3,0.0
149,4,0.0
149,5,0.0
149,6,0.0
149,7,0.0
149,8,0.0
149,9,0.0
149,10,0.0
149,11,0.0
149,12,0.0
150,1,0.0
150,2,0.0
150,3,0.0
150,4,0.0
150,5,0.0
150,6,0.0
150,7,0.0
150,8,0.0
150,9,0.0
150,10,0.0
150,11,0.0
150,12,0.0
151,1,0.0
151,2,0.0
151,3,0.0
151,4,0.0
151,5,0.0
151,6,0.0
151,7,0.0
151,8,0.0
151,9,0.0
151,10,0.0
151,11,0.0
151,12,0.0
152,1,0.0
152,2,0.0
152,3,0.0
152,4,0.0
152,5,0.0
152,6,0.0
152,7,0.0
152,8,0.0
152,9,0.0
152,10,0.0
152,11,0.0
152,12,0.0
153,1,0.0
153,2,0.0
153,3,0.0
153,4,0.0
153,5,0.0
153,6,0.0
153,7,0.0
153,8,0.0
153,9,0.0
153,10,0.0
153,11,0.0
153,12,0.0
154,1,0.0
154,2,0.0
154,3,0.0
154,4,0.0
154,5,0.0
154,6,0.0
154,7,0.0
154,8,0.0
154,9,0.0
154,10,0.0
154,11,0.0
154,12,0.0
155,1,0.0
155,2,0.0
155,3,0.0
155,4,0.0
155,5,0.0
155,6,0.0
155,7,0.0
155,8,0.0
155,9,0.0
155,10,0.0
155,11,0.0
155,12,0.0
156,1,0.0
156,2,0.0
156,3,0.0
156,4,0.0
156,5,0.0
156,6,0.0
156,7,0.0
156,8,0.0
156,9,0.0
156,10,0.0
156,11,0.0
156,12,0.0
157,1,0.0
157,2,0.0
157,3,0.0
157,4,0.0
157,5,0.0
157,6,0.0
157,7,0.0
157,8,0.0
157,9,0.0
157,10,0.0
157,11,0.0
157,12,0.0
158,1,0.0
158,2,0.0
158,3,0.0
158,4,0.0
158,5,0.0
158,6,0.0
158,7,0.0
158,8,0.0
158,9,0.0
158,10,0.0
158,11,0.0
158,12,0.0
159,1,0.0
159,2,0.0
159,3,0.0
159,4,0.0
159,5,0.0
159,6,0.0
159,7,0.0
159,8,0.0
159,9,0.0
159,10,0.0
159,11,0.0
159,12,0.0
160,1,0.0
160,2,0.0
160,3,0.0
160,4,0.0
160,5,0.0
160,6,0.0
160,7,0.0
160,8,0.0
160,9,0.0
160,10,0.0
160,11,0.0
160,12,0.0
161,1,0.0
161,2,0.0
161,3,0.0
161,4,0.0
161,5,0.0
161,6,0.0
161,7,0.0
161,8,0.0
161,9,0.0
161,10,0.0
161,11,0.0
161,12,0.0
162,1,0.0
162,2,0.0
162,3,0.0
162,4,0.0
162,5,0.0
162,6,0.0
162,7,0.0
162,8,0.0
162,9,0.0
162,10,0.0
162,11,0.0
162,12,0.0
163,1,0.0
163,2,0.0
163,3,0.0
163,4,0.0
163,5,0.0
163,6,0.0
163,7,0.0
163,8,0.0
163,9,0.0
163,10,0.0
163,11,0.0
163,12,0.0
164,1,0.0
164,2,0.0
164,3,0.0
164,4,0.0
164,5,0.0
164,6,0.0
164,7,0.0
164,8,0.0
164,9,0.0
164,10,0.0
164,11,0.0
164,12,0.0
165,1,0.0
165,2,0.0
165,3,0.0
165,4,0.0
165,5,0.0
165,6,0.0
165,7,0.0
165,8,0.0
165,9,0.0
165,10,0.0
165,11,0.0
165,12,0.0
166,1,0.0
166,2,0.0
166,3,0.0
166,4,0.0
166,5,0.0
166,6,0.0
166,7,0.0
166,8,0.0
166,9,0.0
166,10,0.0
166,11,0.0
166,12,0.0
167,1,0.0
167,2,0.0
167,3,0.0
167,4,0.0
167,5,0.0
167,6,0.0
167,7,0.0
167,8,0.0
167,9,0.0
167,10,0.0
167,11,0.0
167,12,0.0
168,1,0.0
168,2,0.0
168,3,0.0
168,4,0.0
168,5,0.0
168,6,0.0
168,7,0.0
168,8,0.0
168,9,0.0
168,10,0.0
168,11,0.0
168,12,0.0
169,1,0.0
169,2,0.0
169,3,0.0
169,4,0.0
169,5,0.0
169,6,0.0
169,7,0.0
169,8,0.0
169,9,0.0
169,10,0.0
169,11,0.0
169,12,0.0
170,1,0.0
170,2,0.0
170,3,0.0
170,4,0.0
170,5,0.0
170,6,0.0
170,7,0.0
170,8,0.0
170,9,0.0
170,10,0.0
170,11,0.0
170,12,0.0
171,1,0.0
171,2,0.0
171,3,0.0
171,4,0.0
171,5,0.0
171,6,0.0
171,7,0.0
171,8,0.0
171,9,0.0
171,10,0.0
171,11,0.0
171,12,0.0
172,1,0.0
172,2,0.0
172,3,0.0
172,4,0.0
172,5,0.0
172,6,0.0
172,7,0.0
172,8,0.0
172,9,0.0
172,10,0.0
172,11,0.0
172,12,0.0
173,1,0.0
173,2,0.0
173,3,0.0
173,4,0.0
173,5,0.0
173,6,0.0
173,7,0.0
173,8,0.0
173,9,0.0
173,10,0.0
173,11,0.0
173,12,0.0
174,1,0.0
174,2,0.0
174,3,0.0
174,4,0.0
174,5,0.0
174,6,0.0
174,7,0.0
174,8,0.0
174,9,0.0
174,10,0.0
174,11,0.0
174,12,0.0
175,1,0.0
175,2,0.0
175,3,0.0
175,4,0.0
175,5,0.0
175,6,0.0
175,7,0.0
175,8,0.0
175,9,0.0
175,10,0.0
175,11,0.0
175,12,0.0
176,1,0.0
176,2,0.0
176,3,0.0
176,4,0.0
176,5,0.0
176,6,0.0
176,7,0.0
176,8,0.0
176,9,0.0
176,10,0.0
176,11,0.0
176,12,0.0
177,1,0.0
177,2,0.0
177,3,0.0
177,4,0.0
177,5,0.0
177,6,0.0
177,7,0.0
177,8,0.0
177,9,0.0
177,10,0.0
177,11,0.0
177,12,0.0
178,1,0.0
178,2,0.0
178,3,0.0
178,4,0.0
178,5,0.0
178,6,0.0
178,7,0.0
178,8,0.0
178,9,0.0
178,10,0.0
178,11,0.0
178,12,0.0
179,1,0.0
179,2,0.0
179,3,0.0
179,4,0.0
179,5,0.0
179,6,0.0
179,7,0.0
179,8,0.0
179,9,0.0
179,10,0.0
179,11,0.0
179,12,0.0
180,1,0.0
180,2,0.0
180,3,0.0
180,4,0.0
180,5,0.0
180,6,0.0
180,7,0.0
180,8,0.0
180,9,0.0
180,10,0.0
180,11,0.0
180,12,0.0
181,1,0.0
181,2,0.0
181,3,0.0
181,4,0.0
181,5,0.0
181,6,0.0
181,7,0.0
181,8,0.0
181,9,0.0
181,10,0.0
181,11,0.0
181,12,0.0
182,1,0.0
182,2,0.0
182,3,0.0
182,4,0.0
182,5,0.0
182,6,0.0
182,7,0.0
182,8,0.0
182,9,0.0
182,10,0.0
182,11,0.0
182,12,0.0
183,1,0.0
183,2,0.0
183,3,0.0
183,4,0.0
183,5,0.0
183,6,0.0
183,7,0.0
183,8,0.0
183,9,0.0
183,10,0.0
183,11,0.0
183,12,0.0
184,1,0.0
184,2,0.0
184,3,0.0
184,4,0.0
184,5,0.0
184,6,0.0
184,7,0.0
184,8,0.0
184,9,0.0
184,10,0.0
184,11,0.0
184,12,0.0
185,1,0.0
185,2,0.0
185,3,0.0
185,4,0.0
185,5,0.0
185,6,0.0
185,7,0.0
185,8,0.0
185,9,0.0
185,10,0.0
185,11,0.0
185,12,0.0
186,1,0.0
186,2,0.0
186,3,0.0
186,4,0.0
186,5,0.0
186,6,0.0
186,7,0.0
186,8,0.0
186,9,0.0
186,10,0.0
186,11,0.0
186,12,0.0
187,1,0.0
187,2,0.0
187,3,0.0
187,4,0.0
187,5,0.0
187,6,0.0
187,7,0.0
187,8,0.0
187,9,0.0
187,10,0.0
187,11,0.0
187,12,0.0
188,1,0.0
188,2,0.0
188,3,0.0
188,4,0.0
188,5,0.0
188,6,0.0
188,7,0.0
188,8,0.0
188,9,0.0
188,10,0.0
188,11,0.0
188,12,0.0
189,1,0.0
189,2,0.0
189,3,0.0
189,4,0.0
189,5,0.0
189,6,0.0
189,7,0.0
189,8,0.0
189,9,0.0
189,10,0.0
189,11,0.0
189,12,0.0
190,1,0.0
190,2,0.0
190,3,0.0
190,4,0.0
190,5,0.0
190,6,0.0
190,7,0.0
190,8,0.0
190,9,0.0
190,10,0.0
190,11,0.0
190,12,0.0
191,1,0.0
191,2,0.0
191,3,0.0
191,4,0.0
191,5,0.0
191,6,0.0
191,7,0.0
191,8,0.0
191,9,0.0
191,10,0.0
191,11,0.0
191,12,0.0
192,1,0.0
192,2,0.0
192,3,0.0
192,4,0.0
192,5,0.0
192,6,0.0
192,7,0.0
192,8,0.0
192,9,0.0
192,10,0.0
192,11,0.0
192,12,0.0
193,1,0.0
193,2,0.0
193,3,0.0
193,4,0.0
193,5,0.0
193,6,0.0
193,7,0.0
193,8,0.0
193,9,0.0
193,10,0.0
193,11,0.0
193,12,0.0
194,1,0.0
194,2,0.0
194,3,0.0
194,4,0.0
194,5,0.0
194,6,0.0
194,7,0.0
194,8,0.0
194,9,0.0
194,10,0.0
194,11,0.0
194,12,0.0
195,1,0.0
195,2,0.0
195,3,0.0
195,4,0.0
195,5,0.0
195,6,0.0
195,7,0.0
195,8,0.0
195,9,0.0
195,10,0.0
195,11,0.0
195,12,0.0
196,1,0.0
196,2,0.0
196,3,0.0
196,4,0.0
196,5,0.0
196,6,0.0
196,7,0.0
196,8,0.0
196,9,0.0
196,10,0.0
196,11,0.0
196,12,0.0
197,1,0.0
197,2,0.0
197,3,0.0
197,4,0.0
197,5,0.0
197,6,0.0
197,7,0.0
197,8,0.0
197,9,0.0
197,10,0.0
197,11,0.0
197,12,0.0
198,1,-1.399460880173442
198,2,-2.304925109564007
198,3,-1.1098075827742848
198,4,-2.485480231789662
198,5,-2.143716800636884
198,6,-1.9316425430221114
198,7,-2.1176395187240242
198,8,-2.734832472213056
198,9,-1.6420389532987556
198,10,-2.960300883123731
198,11,-2.588556405024505
198,12,-1.9899317781746741
199,1,-4.5849941042759585
199,2,-9.998254991701724
199,3,-7.569023471993993
199,4,-5.3099716725173085
199,5,-4.138523497984156
199,6,-4.865903701545652
199,7,-5.944654892243348
199,8,-9.322735321401582
199,9,-6.802522543585671
199,10,-5.544835434397634
199,11,-5.01857529436817
199,12,-6.660475084664471
200,1,0.0
200,2,0.0
200,3,0.0
200,4,0.0
200,5,0.0
200,6,0.0
200,7,0.0
200,8,0.0
200,9,0.0
200,10,0.0
200,11,0.0
200,12,0.0
201,1,0.0
201,2,0.0
201,3,0.0
201,4,0.0
201,5,0.0
201,6,0.0
201,7,0.0
201,8,0.0
201,9,0.0
201,10,0.0
201,11,0.0
201,12,0.0
202,1,-3.2848139526257283
202,2,-3.079479351037016
202,3,-4.897903168734329
202,4,-4.679383445737323
202,5,-2.4993539985234543
202,6,-3.469308007560653
202,7,-3.2295988693155113
202,8,-4.469614094176474
202,9,-3.209385865453559
202,10,-4.201814224165179
202,11,-3.096668441992997
202,12,-4.218370400562062
203,1,-6.591679353956767
203,2,-6.2631454329796385
203,3,-8.221312895424392
203,4,-10.444517788814373
203,5,-5.265057346646058
203,6,-6.9781554036279525
203,7,-6.44356198600448
203,8,-10.591640990264608
203,9,-6.3038662849103115
203,10,-9.077761849742759
203,11,-5.419675332541114
203,12,-10.112513528932155
204,1,0.0
204,2,0.0
204,3,0.0
204,4,0.0
204,5,0.0
204,6,0.0
204,7,0.0
204,8,0.0
204,9,0.0
204,10,0.0
204,11,0.0
204,12,0.0
205,1,-9.700505154087224
205,2,-10.842454892967893
205,3,-10.565038339096319
205,4,-10.610579799499122
205,5,-9.58404881592393
205,6,-8.49277561198353
205,7,-8.91602058141999
205,8,-10.87762827008512
205,9,-10.009148923620096
205,10,-9.171909314830849
205,11,-11.060685659163424
205,12,-9.20825252691851
206,1,-9.375406902423665
206,2,-11.627891167064254
206,3,-10.540439652235275
206,4,-6.986303481624351
206,5,-8.766589630344697
206,6,-7.636219825352796
206,7,-9.92344903036448
206,8,-6.441225438380416
206,9,-8.649167044026443
206,10,-7.604918194154763
206,11,-6.671310638619797
206,12,-6.711527911825502
207,1,-9.977469112758339
207,2,0.0
207,3,0.0
207,4,0.0
207,5,0.0
207,6,0.0
207,7,0.0
207,8,0.0
207,9,0.0
207,10,-9.10847126371491
207,11,0.0
207,12,0.0
208,1,0.0
208,2,0.0
208,3,0.0
208,4,0.0
208,5,0.0
208,6,0.0
208,7,0.0
208,8,0.0
208,9,0.0
208,10,0.0
208,11,0.0
208,12,0.0
209,1,0.0
209,2,0.0
209,3,0.0
209,4,0.0
209,5,0.0
209,6,0.0
209,7,0.0
209,8,0.0
209,9,0.0
209,10,0.0
209,11,0.0
209,12,0.0
210,1,0.0
210,2,0.0
210,3,0.0
210,4,0.0
210,5,0.0
210,6,0.0
210,7,0.0
210,8,0.0
210,9,0.0
210,10,0.0
210,11,0.0
210,12,0.0
211,1,0.0
211,2,0.0
211,3,0.0
211,4,0.0
211,5,0.0
211,6,0.0
211,7,0.0
211,8,0.0
211,9,0.0
211,10,0.0
211,11,0.0
211,12,0.0
212,1,0.0
212,2,0.0
212,3,0.0
212,4,0.0
212,5,0.0
212,6,0.0
212,7,0.0
212,8,0.0
212,9,0.0
212,10,0.0
212,11,0.0
212,12,0.0
213,1,0.0
213,2,0.0
213,3,0.0
213,4,0.0
213,5,0.0
213,6,0.0
213,7,0.0
213,8,0.0
213,9,0.0
213,10,0.0
213,11,0.0
213,12,0.0
214,1,-3.730038794207993
214,2,-1.9072820973398323
214,3,-2.4444002885934903
214,4,-1.8885232312249383
214,5,-0.9921809676560733
214,6,-2.8095924593491572
214,7,-1.974711024061882
214,8,-3.6349814655752564
214,9,-1.3218448896179873
214,10,-1.7376286520647426
214,11,-1.0543391512516869
214,12,-2.688126984465562
215,1,-8.48746256798352
215,2,-10.172314886833666
215,3,-10.181730923392177
215,4,-9.112252596353073
215,5,-5.7001547919350015
215,6,-7.676129328913861
215,7,-8.892551505986267
215,8,-9.059974808910498
215,9,-5.005956009227199
215,10,-10.40769930747958
215,11,-5.384029886497362
215,12,-8.182850826701976
216,1,0.0
216,2,0.0
216,3,0.0
216,4,0.0
216,5,0.0
216,6,0.0
216,7,0.0
216,8,0.0
216,9,0.0
216,10,0.0
216,11,0.0
216,12,0.0
217,1,0.0
217,2,0.0
217,3,0.0
217,4,0.0
217,5,0.0
217,6,0.0
217,7,0.0
217,8,0.0
217,9,0.0
217,10,0.0
217,11,0.0
217,12,0.0
218,1,-5.040634368680976
218,2,-4.832920358866778
218,3,-3.7978749567920143
218,4,-3.894425590371869
218,5,-2.8778438820787824
218,6,-4.158719211120415
218,7,-2.9044769969468254
218,8,-3.340703322611446
218,9,-4.240343808075236
218,10,-4.843149062600872
218,11,-2.7690902647218865
218,12,-4.29682132982595
219,1,-5.3131327267835164
219,2,-7.8016502263514065
219,3,-10.910862589623598
219,4,-9.530448188623572
219,5,-9.678448606785457
219,6,-6.173130610915416
219,7,-8.139062929238353
219,8,-10.323044977820867
219,9,-9.994407389961768
219,10,-9.386567214571702
219,11,-10.071570280846647
219,12,-9.633293895325455
220,1,0.0
220,2,0.0
220,3,0.0
220,4,0.0
220,5,0.0
220,6,0.0
220,7,0.0
220,8,0.0
220,9,0.0
220,10,0.0
220,11,0.0
220,12,0.0
221,1,-9.177824193500205
221,2,-9.251655048502327
221,3,-12.812656334876806
221,4,-6.0207086984265725
221,5,-8.254992990934788
221,6,-11.212003298897788
221,7,-8.531836440514455
221,8,-4.75627205165985
221,9,-9.328278729082479
221,10,-8.770865651225105
221,11,-10.29161104062903
221,12,-10.289288090652654
222,1,-9.720633066719726
222,2,-7.365033787449977
222,3,-6.902399189323088
222,4,-9.481711808662435
222,5,-8.959107401525518
222,6,-8.902541096718604
222,7,-12.67254519763837
222,8,-10.054067183276185
222,9,-7.51987529445244
222,10,-8.782246200185053
222,11,-7.856066490787709
222,12,-8.886869910955832
223,1,-12.887400691285054
223,2,0.0
223,3,0.0
223,4,0.0
223,5,0.0
223,6,-3.8636898881125368
223,7,0.0
223,8,0.0
223,9,0.0
223,10,-7.782943801870051
223,11,0.0
223,12,0.0
224,1,0.0
224,2,0.0
224,3,0.0
224,4,0.0
224,5,0.0
224,6,0.0
224,7,0.0
224,8,0.0
224,9,0.0
224,10,0.0
224,11,0.0
224,12,0.0
225,1,0.0
225,2,0.0
225,3,0.0
225,4,0.0
225,5,0.0
225,6,0.0
225,7,0.0
225,8,0.0
225,9,0.0
225,10,0.0
225,11,0.0
225,12,0.0
226,1,0.0
226,2,0.0
226,3,0.0
226,4,0.0
226,5,0.0
226,6,0.0
226,7,0.0
226,8,0.0
226,9,0.0
226,10,0.0
226,11,0.0
226,12,0.0
227,1,0.0
227,2,0.0
227,3,0.0
227,4,0.0
227,5,0.0
227,6,0.0
227,7,0.0
227,8,0.0
227,9,0.0
227,10,0.0
227,11,0.0
227,12,0.0
228,1,0.0
228,2,0.0
228,3,0.0
228,4,0.0
228,5,0.0
228,6,0.0
228,7,0.0
228,8,0.0
228,9,0.0
228,10,0.0
228,11,0.0
228,12,0.0
229,1,0.0
229,2,0.0
229,3,0.0
229,4,0.0
229,5,0.0
229,6,0.0
229,7,0.0
229,8,0.0
229,9,0.0
229,10,0.0
229,11,0.0
229,12,0.0
230,1,-1.3291337927500306
230,2,-2.6105221745167526
230,3,-1.8049568229859467
230,4,-1.5692410613628094
230,5,-0.8932597775780349
230,6,-1.0198482701633043
230,7,-1.7139798620344509
230,8,-3.75956299989259
230,9,-1.3499866418514355
230,10,-2.0854189243911967
230,11,-1.3130966725892006
230,12,-2.013313684724411
231,1,-4.976589656848895
231,2,-5.172249676855834
231,3,-8.685191840042602
231,4,-6.289335718212932
231,5,-5.211485511912993
231,6,-8.644175924236102
231,7,-10.290889496026203
231,8,-11.087586090212065
231,9,-10.10418424062872
231,10,-5.1740784093793675
231,11,-9.18223810802896
231,12,-9.544793894494482
232,1,-8.82571409912364
232,2,0.0
232,3,0.0
232,4,0.0
232,5,0.0
232,6,0.0
232,7,0.0
232,8,0.0
232,9,0.0
232,10,0.0
232,11,0.0
232,12,0.0
233,1,0.0
233,2,0.0
233,3,0.0
233,4,0.0
233,5,0.0
233,6,0.0
233,7,0.0
233,8,0.0
233,9,0.0
233,10,0.0
233,11,0.0
233,12,0.0
234,1,-8.143727751195385
234,2,-3.245158013967309
234,3,-3.8141787613079012
234,4,-2.417257039976233
234,5,-2.9595079735392202
234,6,-4.063325640031095
234,7,-4.6461082146774375
234,8,-4.965635318100983
234,9,-5.426224939023958
234,10,-3.463726036757405
234,11,-2.653502613120442
234,12,-3.237521000788888
235,1,-10.453803975320504
235,2,-10.030764703215374
235,3,-10.147946696489031
235,4,-6.474258305523518
235,5,-6.884694597683404
235,6,-10.216243354799719
235,7,-9.849074757090397
235,8,-10.369578085892403
235,9,-11.180286851220009
235,10,-11.163539365627095
235,11,-6.390008436772134
235,12,-9.92253295746353
236,1,-11.023793898644543
236,2,0.0
236,3,0.0
236,4,0.0
236,5,0.0
236,6,0.0
236,7,0.0
236,8,0.0
236,9,0.0
236,10,0.0
236,11,0.0
236,12,0.0
237,1,-9.77310030559763
237,2,-6.522130349578361
237,3,-7.464929472992592
237,4,-8.182767239025717
237,5,-8.919079290862774
237,6,-9.327925649507234
237,7,-10.235079516943816
237,8,-10.461797585368693
237,9,-9.557144363665943
237,10,-10.822090101371646
237,11,-8.791136088103778
237,12,-9.753173430930191
238,1,-10.281049064022303
238,2,-7.239922291657689
238,3,-9.24259694701035
238,4,-9.319713364764235
238,5,-7.603107218617479
238,6,-11.599883789937653
238,7,-8.683625235483142
238,8,-6.430857834425991
238,9,-6.986576061364363
238,10,-11.683978262186915
238,11,-7.913800444586773
238,12,-8.754401618607398
239,1,-10.132798472984593
239,2,0.0
239,3,-9.300516590907929
239,4,0.0
239,5,-8.270716431988431
239,6,0.0
239,7,0.0
239,8,0.0
239,9,0.0
239,10,0.0
239,11,0.0
239,12,0.0
240,1,0.0
240,2,0.0
240,3,0.0
240,4,0.0
240,5,0.0
240,6,0.0
240,7,0.0
240,8,0.0
240,9,0.0
240,10,0.0
240,11,0.0
240,12,0.0
241,1,0.0
241,2,0.0
241,3,0.0
241,4,0.0
241,5,0.0
241,6,0.0
241,7,0.0
241,8,0.0
241,9,0.0
241,10,0.0
241,11,0.0
241,12,0.0
242,1,0.0
242,2,0.0
242,3,0.0
242,4,0.0
242,5,0.0
242,6,0.0
242,7,0.0
242,8,0.0
242,9,0.0
242,10,0.0
242,11,0.0
242,12,0.0
243,1,0.0
243,2,0.0
243,3,0.0
243,4,0.0
243,5,0.0
243,6,0.0
243,7,0.0
243,8,0.0
243,9,0.0
243,10,0.0
243,11,0.0
243,12,0.0
244,1,0.0
244,2,0.0
244,3,0.0
244,4,0.0
244,5,0.0
244,6,0.0
244,7,0.0
244,8,0.0
244,9,0.0
244,10,0.0
244,11,0.0
244,12,0.0
245,1,0.0
245,2,0.0
245,3,0.0
245,4,0.0
245,5,0.0
245,6,0.0
245,7,0.0
245,8,0.0
245,9,0.0
245,10,0.0
245,11,0.0
245,12,0.0
246,1,-2.4061082579637745
246,2,-0.9130812569033884
246,3,-1.5283900401346817
246,4,-2.956677764646818
246,5,-2.007655015866136
246,6,-1.324748139950202
246,7,-1.9382837069897751
246,8,-3.0303505084724547
246,9,-1.198515227261085
246,10,-1.9240506911434314
246,11,-1.4899490889395135
246,12,-1.805905298678957
247,1,-5.902184120498404
247,2,-8.63076036461882
247,3,-4.561989738092158
247,4,-8.991164805053398
247,5,-10.154051317561358
247,6,-4.672659508594137
247,7,-8.053525975409302
247,8,-9.554057151841231
247,9,-9.85636024199361
247,10,-7.948999871219904
247,11,-8.802764446378564
247,12,-8.921889208693466
248,1,-11.211421238175856
248,2,-10.898131782717336
248,3,-11.524666997669716
248,4,-13.751719847615846
248,5,-12.022598907673967
248,6,-10.869433221354749
248,7,-7.635035461660801
248,8,-13.878825686331883
248,9,-10.98091856625879
248,10,-14.298905632124715
248,11,-12.821201126599814
248,12,-6.825364612998558
249,1,0.0
249,2,0.0
249,3,0.0
249,4,0.0
249,5,0.0
249,6,0.0
249,7,0.0
249,8,0.0
249,9,0.0
249,10,0.0
249,11,0.0
249,12,0.0
250,1,-4.905037815500571
250,2,-4.518256202951999
250,3,-3.1328289383818486
250,4,-2.342139725797808
250,5,-3.553787316636448
250,6,-3.3440020296617083
250,7,-3.2855418593422128
250,8,-3.23874373354663
250,9,-4.305147166016975
250,10,-4.822455607073721
250,11,-3.4333895984197533
250,12,-4.000256699584735
251,1,-7.747537009713781
251,2,-11.08191328855289
251,3,-10.18864390562092
251,4,-9.400639585364328
251,5,-11.609370737959516
251,6,-9.794698036427603
251,7,-7.1918179255996595
251,8,-8.001128480049449
251,9,-6.0725341318627555
251,10,-10.336840293091692
251,11,-9.221772656086635
251,12,-10.15723203369296
252,1,-12.783472530078033
252,2,-11.432645349262007
252,3,-11.436111196329072
252,4,-17.15262128684029
252,5,-12.190365758372055
252,6,-12.978264422665722
252,7,-12.987447394097302
252,8,-13.443883138142425
252,9,-11.738799293468476
252,10,-11.193553003290956
252,11,-17.145004704020682
252,12,-17.01581339608995
253,1,-6.58361985609956
253,2,-7.3393913827465
253,3,-8.925817978021023
253,4,-10.903091701152064
253,5,-9.85871967444569
253,6,-7.5368329047584
253,7,-9.829756391973197
253,8,-10.590382317271256
253,9,-9.042868254019869
253,10,-8.834285631422572
253,11,-8.399307566653707
253,12,-9.032331296388492
254,1,-9.865260313875503
254,2,-6.442102420789679
254,3,-8.156341856890009
254,4,-8.344795435562354
254,5,-8.910593651669044
254,6,-6.914133559701906
254,7,-11.24442110328868
254,8,-8.377751490812003
254,9,-7.690266474406651
254,10,-8.579320088893411
254,11,-8.156629004592695
254,12,-7.200227972385613
255,1,-11.556983004169634
255,2,-14.853335204257073
255,3,-13.595294512996059
255,4,-13.734063703151381
255,5,-14.5612366370414
255,6,-11.116278820420934
255,7,-12.68051368605019
255,8,-14.251493721918372
255,9,-10.048128614273924
255,10,-11.908047182733426
255,11,-10.509063137980135
255,12,-14.2619643578334
256,1,-15.117820094799669
256,2,0.0
256,3,-6.992844277746777
256,4,0.0
256,5,0.0
256,6,0.0
256,7,0.0
256,8,0.0
256,9,0.0
256,10,-7.344717102928667
256,11,0.0
256,12,0.0
257,1,0.0
257,2,0.0
257,3,0.0
257,4,0.0
257,5,0.0
257,6,0.0
257,7,0.0
257,8,0.0
257,9,0.0
257,10,0.0
257,11,0.0
257,12,0.0
258,1,0.0
258,2,0.0
258,3,0.0
258,4,0.0
258,5,0.0
258,6,0.0
258,7,0.0
258,8,0.0
258,9,0.0
258,10,0.0
258,11,0.0
258,12,0.0
259,1,0.0
259,2,0.0
259,3,0.0
259,4,0.0
259,5,0.0
259,6,0.0
259,7,0.0
259,8,0.0
259,9,0.0
259,10,0.0
259,11,0.0
259,12,0.0
260,1,0.0
260,2,0.0
260,3,0.0
260,4,0.0
260,5,0.0
260,6,0.0
260,7,0.0
260,8,0.0
260,9,0.0
260,10,0.0
260,11,0.0
260,12,0.0
261,1,0.0
261,2,0.0
261,3,0.0
261,4,0.0
261,5,0.0
261,6,0.0
261,7,0.0
261,8,0.0
261,9,0.0
261,10,0.0
261,11,0.0
261,12,0.0
262,1,0.0
262,2,0.0
262,3,0.0
262,4,0.0
262,5,0.0
262,6,0.0
262,7,0.0
262,8,0.0
262,9,0.0
262,10,0.0
262,11,0.0
262,12,0.0
263,1,0.0
263,2,0.0
263,3,0.0
263,4,0.0
263,5,0.0
263,6,0.0
263,7,0.0
263,8,0.0
263,9,0.0
263,10,0.0
263,11,0.0
263,12,0.0
264,1,0.0
264,2,0.0
264,3,0.0
264,4,0.0
264,5,0.0
264,6,0.0
264,7,0.0
264,8,0.0
264,9,0.0
264,10,0.0
264,11,0.0
264,12,0.0
265,1,0.0
265,2,0.0
265,3,0.0
265,4,0.0
265,5,0.0
265,6,0.0
265,7,0.0
265,8,0.0
265,9,0.0
265,10,0.0
265,11,0.0
265,12,0.0
266,1,0.0
266,2,0.0
266,3,0.0
266,4,0.0
266,5,0.0
266,6,0.0
266,7,0.0
266,8,0.0
266,9,0.0
266,10,0.0
266,11,0.0
266,12,0.0
267,1,0.0
267,2,0.0
267,3,0.0
267,4,0.0
267,5,0.0
267,6,0.0
267,7,0.0
267,8,0.0
267,9,0.0
267,10,0.0
267,11,0.0
267,12,0.0
268,1,0.0
268,2,0.0
268,3,0.0
268,4,0.0
268,5,0.0
268,6,0.0
268,7,0.0
268,8,0.0
268,9,0.0
268,10,0.0
268,11,0.0
268,12,0.0
269,1,0.0
269,2,0.0
269,3,0.0
269,4,0.0
269,5,0.0
269,6,0.0
269,7,0.0
269,8,0.0
269,9,0.0
269,10,0.0
269,11,0.0
269,12,0.0
270,1,0.0
270,2,0.0
270,3,0.0
270,4,0.0
270,5,0.0
270,6,0.0
270,7,0.0
270,8,0.0
270,9,0.0
270,10,0.0
270,11,0.0
270,12,0.0
271,1,0.0
271,2,0.0
271,3,0.0
271,4,0.0
271,5,0.0
271,6,0.0
271,7,0.0
271,8,0.0
271,9,0.0
271,10,0.0
271,11,0.0
271,12,0.0
272,1,0.0
272,2,0.0
272,3,0.0
272,4,0.0
272,5,0.0
272,6,0.0
272,7,0.0
272,8,0.0
272,9,0.0
272,10,0.0
272,11,0.0
272,12,0.0
273,1,0.0
273,2,0.0
273,3,0.0
273,4,0.0
273,5,0.0
273,6,0.0
273,7,0.0
273,8,0.0
273,9,0.0
273,10,0.0
273,11,0.0
273,12,0.0
274,1,0.0
274,2,0.0
274,3,0.0
274,4,0.0
274,5,0.0
274,6,0.0
274,7,0.0
274,8,0.0
274,9,0.0
274,10,0.0
274,11,0.0
274,12,0.0
275,1,0.0
275,2,0.0
275,3,0.0
275,4,0.0
275,5,0.0
275,6,0.0
275,7,0.0
275,8,0.0
275,9,0.0
275,10,0.0
275,11,0.0
275,12,0.0
276,1,0.0
276,2,0.0
276,3,0.0
276,4,0.0
276,5,0.0
276,6,0.0
276,7,0.0
276,8,0.0
276,9,0.0
276,10,0.0
276,11,0.0
276,12,0.0
277,1,0.0
277,2,0.0
277,3,0.0
277,4,0.0
277,5,0.0
277,6,0.0
277,7,0.0
277,8,0.0
277,9,0.0
277,10,0.0
277,11,0.0
277,12,0.0
278,1,0.0
278,2,0.0
278,3,0.0
278,4,0.0
278,5,0.0
278,6,0.0
278,7,0.0
278,8,0.0
278,9,0.0
278,10,0.0
278,11,0.0
278,12,0.0
279,1,0.0
279,2,0.0
279,3,0.0
279,4,0.0
279,5,0.0
279,6,0.0
279,7,0.0
279,8,0.0
279,9,0.0
279,10,0.0
279,11,0.0
279,12,0.0
280,1,0.0
280,2,0.0
280,3,0.0
280,4,0.0
280,5,0.0
280,6,0.0
280,7,0.0
280,8,0.0
280,9,0.0
280,10,0.0
280,11,0.0
280,12,0.0
281,1,0.0
281,2,0.0
281,3,0.0
281,4,0.0
281,5,0.0
281,6,0.0
281,7,0.0
281,8,0.0
281,9,0.0
281,10,0.0
281,11,0.0
281,12,0.0
282,1,0.0
282,2,0.0
282,3,0.0
282,4,0.0
282,5,0.0
282,6,0.0
282,7,0.0
282,8,0.0
282,9,0.0
282,10,0.0
282,11,0.0
282,12,0.0
283,1,0.0
283,2,0.0
283,3,0.0
283,4,0.0
283,5,0.0
283,6,0.0
283,7,0.0
283,8,0.0
283,9,0.0
283,10,0.0
283,11,0.0
283,12,0.0
284,1,0.0
284,2,0.0
284,3,0.0
284,4,0.0
284,5,0.0
284,6,0.0
284,7,0.0
284,8,0.0
284,9,0.0
284,10,0.0
284,11,0.0
284,12,0.0
285,1,0.0
285,2,0.0
285,3,0.0
285,4,0.0
285,5,0.0
285,6,0.0
285,7,0.0
285,8,0.0
285,9,0.0
285,10,0.0
285,11,0.0
285,12,0.0
286,1,0.0
286,2,0.0
286,3,0.0
286,4,0.0
286,5,0.0
286,6,0.0
286,7,0.0
286,8,0.0
286,9,0.0
286,10,0.0
286,11,0.0
286,12,0.0
287,1,0.0
287,2,0.0
287,3,0.0
287,4,0.0
287,5,0.0
287,6,0.0
287,7,0.0
287,8,0.0
287,9,0.0
287,10,0.0
287,11,0.0
287,12,0.0
288,1,0.0
288,2,0.0
288,3,0.0
288,4,0.0
288,5,0.0
288,6,0.0
288,7,0.0
288,8,0.0
288,9,0.0
288,10,0.0
288,11,0.0
288,12,0.0
289,1,0.0
289,2,0.0
289,3,0.0
289,4,0.0
289,5,0.0
289,6,0.0
289,7,0.0
289,8,0.0
289,9,0.0
289,10,0.0
289,11,0.0
289,12,0.0
290,1,0.0
290,2,0.0
290,3,0.0
290,4,0.0
290,5,0.0
290,6,0.0
290,7,0.0
290,8,0.0
290,9,0.0
290,10,0.0
290,11,0.0
290,12,0.0
291,1,0.0
291,2,0.0
291,3,0.0
291,4,0.0
291,5,0.0
291,6,0.0
291,7,0.0
291,8,0.0
291,9,0.0
291,10,0.0
291,11,0.0
291,12,0.0
292,1,0.0
292,2,0.0
292,3,0.0
292,4,0.0
292,5,0.0
292,6,0.0
292,7,0.0
292,8,0.0
292,9,0.0
292,10,0.0
292,11,0.0
292,12,0.0
293,1,0.0
293,2,0.0
293,3,0.0
293,4,0.0
293,5,0.0
293,6,0.0
293,7,0.0
293,8,0.0
293,9,0.0
293,10,0.0
293,11,0.0
293,12,0.0
294,1,0.0
294,2,0.0
294,3,0.0
294,4,0.0
294,5,0.0
294,6,0.0
294,7,0.0
294,8,0.0
294,9,0.0
294,10,0.0
294,11,0.0
294,12,0.0
295,1,0.0
295,2,0.0
295,3,0.0
295,4,0.0
295,5,0.0
295,6,0.0
295,7,0.0
295,8,0.0
295,9,0.0
295,10,0.0
295,11,0.0
295,12,0.0
296,1,0.0
296,2,0.0
296,3,0.0
296,4,0.0
296,5,0.0
296,6,0.0
296,7,0.0
296,8,0.0
296,9,0.0
296,10,0.0
296,11,0.0
296,12,0.0
297,1,0.0
297,2,0.0
297,3,0.0
297,4,0.0
297,5,0.0
297,6,0.0
297,7,0.0
297,8,0.0
297,9,0.0
297,10,0.0
297,11,0.0
297,12,0.0
298,1,0.0
298,2,0.0
298,3,0.0
298,4,0.0
298,5,0.0
298,6,0.0
298,7,0.0
298,8,0.0
298,9,0.0
298,10,0.0
298,11,0.0
298,12,0.0
299,1,0.0
299,2,0.0
299,3,0.0
299,4,0.0
299,5,0.0
299,6,0.0
299,7,0.0
299,8,0.0
299,9,0.0
299,10,0.0
299,11,0.0
299,12,0.0
300,1,0.0
300,2,0.0
300,3,0.0
300,4,0.0
300,5,0.0
300,6,0.0
300,7,0.0
300,8,0.0
300,9,0.0
300,10,0.0
300,11,0.0
300,12,0.0
301,1,0.0
301,2,0.0
301,3,0.0
301,4,0.0
301,5,0.0
301,6,0.0
301,7,0.0
301,8,0.0
301,9,0.0
301,10,0.0
301,11,0.0
301,12,0.0
302,1,0.0
302,2,0.0
302,3,0.0
302,4,0.0
302,5,0.0
302,6,0.0
302,7,0.0
302,8,0.0
302,9,0.0
302,10,0.0
302,11,0.0
302,12,0.0
303,1,0.0
303,2,0.0
303,3,0.0
303,4,0.0
303,5,0.0
303,6,0.0
303,7,0.0
303,8,0.0
303,9,0.0
303,10,0.0
303,11,0.0
303,12,0.0
304,1,0.0
304,2,0.0
304,3,0.0
304,4,0.0
304,5,0.0
304,6,0.0
304,7,0.0
304,8,0.0
304,9,0.0
304,10,0.0
304,11,0.0
304,12,0.0
305,1,0.0
305,2,0.0
305,3,0.0
305,4,0.0
305,5,0.0
305,6,0.0
305,7,0.0
305,8,0.0
305,9,0.0
305,10,0.0
305,11,0.0
305,12,0.0
306,1,0.0
306,2,0.0
306,3,0.0
306,4,0.0
306,5,0.0
306,6,0.0
306,7,0.0
306,8,0.0
306,9,0.0
306,10,0.0
306,11,0.0
306,12,0.0
307,1,0.0
307,2,0.0
307,3,0.0
307,4,0.0
307,5,0.0
307,6,0.0
307,7,0.0
307,8,0.0
307,9,0.0
307,10,0.0
307,11,0.0
307,12,0.0
308,1,0.0
308,2,0.0
308,3,0.0
308,4,0.0
308,5,0.0
308,6,0.0
308,7,0.0
308,8,0.0
308,9,0.0
308,10,0.0
308,11,0.0
308,12,0.0
309,1,0.0
309,2,0.0
309,3,0.0
309,4,0.0
309,5,0.0
309,6,0.0
309,7,0.0
309,8,0.0
309,9,0.0
309,10,0.0
309,11,0.0
309,12,0.0
310,1,0.0
310,2,0.0
310,3,0.0
310,4,0.0
310,5,0.0
310,6,0.0
310,7,0.0
310,8,0.0
310,9,0.0
310,10,0.0
310,11,0.0
310,12,0.0
311,1,0.0
311,2,0.0
311,3,0.0
311,4,0.0
311,5,0.0
311,6,0.0
311,7,0.0
311,8,0.0
311,9,0.0
311,10,0.0
311,11,0.0
311,12,0.0
312,1,0.0
312,2,0.0
312,3,0.0
312,4,0.0
312,5,0.0
312,6,0.0
312,7,0.0
312,8,0.0
312,9,0.0
312,10,0.0
312,11,0.0
312,12,0.0
313,1,0.0
313,2,0.0
313,3,0.0
313,4,0.0
313,5,0.0
313,6,0.0
313,7,0.0
313,8,0.0
313,9,0.0
313,10,0.0
313,11,0.0
313,12,0.0
314,1,0.0
314,2,0.0
314,3,0.0
314,4,0.0
314,5,0.0
314,6,0.0
314,7,0.0
314,8,0.0
314,9,0.0
314,10,0.0
314,11,0.0
314,12,0.0
315,1,0.0
315,2,0.0
315,3,0.0
315,4,0.0
315,5,0.0
315,6,0.0
315,7,0.0
315,8,0.0
315,9,0.0
315,10,0.0
315,11,0.0
315,12,0.0
316,1,0.0
316,2,0.0
316,3,0.0
316,4,0.0
316,5,0.0
316,6,0.0
316,7,0.0
316,8,0.0
316,9,0.0
316,10,0.0
316,11,0.0
316,12,0.0
317,1,0.0
317,2,0.0
317,3,0.0
317,4,0.0
317,5,0.0
317,6,0.0
317,7,0.0
317,8,0.0
317,9,0.0
317,10,0.0
317,11,0.0
317,12,0.0
318,1,0.0
318,2,0.0
318,3,0.0
318,4,0.0
318,5,0.0
318,6,0.0
318,7,0.0
318,8,0.0
318,9,0.0
318,10,0.0
318,11,0.0
318,12,0.0
319,1,0.0
319,2,0.0
319,3,0.0
319,4,0.0
319,5,0.0
319,6,0.0
319,7,0.0
319,8,0.0
319,9,0.0
319,10,0.0
319,11,0.0
319,12,0.0
320,1,0.0
320,2,0.0
320,3,0.0
320,4,0.0
320,5,0.0
320,6,0.0
320,7,0.0
320,8,0.0
320,9,0.0
320,10,0.0
320,11,0.0
320,12,0.0
321,1,0.0
321,2,0.0
321,3,0.0
321,4,0.0
321,5,0.0
321,6,0.0
321,7,0.0
321,8,0.0
321,9,0.0
321,10,0.0
321,11,0.0
321,12,0.0
322,1,0.0
322,2,0.0
322,3,0.0
322,4,0.0
322,5,0.0
322,6,0.0
322,7,0.0
322,8,0.0
322,9,0.0
322,10,0.0
322,11,0.0
322,12,0.0
323,1,0.0
323,2,0.0
323,3,0.0
323,4,0.0
323,5,0.0
323,6,0.0
323,7,0.0
323,8,0.0
323,9,0.0
323,10,0.0
323,11,0.0
323,12,0.0
324,1,0.0
324,2,0.0
324,3,0.0
324,4,0.0
324,5,0.0
324,6,0.0
324,7,0.0
324,8,0.0
324,9,0.0
324,10,0.0
324,11,0.0
324,12,0.0
325,1,0.0
325,2,0.0
325,3,0.0
325,4,0.0
325,5,0.0
325,6,0.0
325,7,0.0
325,8,0.0
325,9,0.0
325,10,0.0
325,11,0.0
325,12,0.0
326,1,0.0
326,2,0.0
326,3,0.0
326,4,0.0
326,5,0.0
326,6,0.0
326,7,0.0
326,8,0.0
326,9,0.0
326,10,0.0
326,11,0.0
326,12,0.0
327,1,0.0
327,2,0.0
327,3,0.0
327,4,0.0
327,5,0.0
327,6,0.0
327,7,0.0
327,8,0.0
327,9,0.0
327,10,0.0
327,11,0.0
327,12,0.0
328,1,0.0
328,2,0.0
328,3,0.0
328,4,0.0
328,5,0.0
328,6,0.0
328,7,0.0
328,8,0.0
328,9,0.0
328,10,0.0
328,11,0.0
328,12,0.0
329,1,0.0
329,2,0.0
329,3,0.0
329,4,0.0
329,5,0.0
329,6,0.0
329,7,0.0
329,8,0.0
329,9,0.0
329,10,0.0
329,11,0.0
329,12,0.0
330,1,0.0
330,2,0.0
330,3,0.0
330,4,0.0
330,5,0.0
330,6,0.0
330,7,0.0
330,8,0.0
330,9,0.0
330,10,0.0
330,11,0.0
330,12,0.0
331,1,0.0
331,2,0.0
331,3,0.0
331,4,0.0
331,5,0.0
331,6,0.0
331,7,0.0
331,8,0.0
331,9,0.0
331,10,0.0
331,11,0.0
331,12,0.0
332,1,0.0
332,2,0.0
332,3,0.0
332,4,0.0
332,5,0.0
332,6,0.0
332,7,0.0
332,8,0.0
332,9,0.0
332,10,0.0
332,11,0.0
332,12,0.0
333,1,0.0
333,2,0.0
333,3,0.0
333,4,0.0
333,5,0.0
333,6,0.0
333,7,0.0
333,8,0.0
333,9,0.0
333,10,0.0
333,11,0.0
333,12,0.0
334,1,0.0
334,2,0.0
334,3,0.0
334,4,0.0
334,5,0.0
334,6,0.0
334,7,0.0
334,8,0.0
334,9,0.0
334,10,0.0
334,11,0.0
334,12,0.0
335,1,0.0
335,2,0.0
335,3,0.0
335,4,0.0
335,5,0.0
335,6,0.0
335,7,0.0
335,8,0.0
335,9,0.0
335,10,0.0
335,11,0.0
335,12,0.0
336,1,0.0
336,2,0.0
336,3,0.0
336,4,0.0
336,5,0.0
336,6,0.0
336,7,0.0
336,8,0.0
336,9,0.0
336,10,0.0
336,11,0.0
336,12,0.0
337,1,0.0
337,2,0.0
337,3,0.0
337,4,0.0
337,5,0.0
337,6,0.0
337,7,0.0
337,8,0.0
337,9,0.0
337,10,0.0
337,11,0.0
337,12,0.0
338,1,0.0
338,2,0.0
338,3,0.0
338,4,0.0
338,5,0.0
338,6,0.0
338,7,0.0
338,8,0.0
338,9,0.0
338,10,0.0
338,11,0.0
338,12,0.0
339,1,0.0
339,2,0.0
339,3,0.0
339,4,0.0
339,5,0.0
339,6,0.0
339,7,0.0
339,8,0.0
339,9,0.0
339,10,0.0
339,11,0.0
339,12,0.0
340,1,0.0
340,2,0.0
340,3,0.0
340,4,0.0
340,5,0.0
340,6,0.0
340,7,0.0
340,8,0.0
340,9,0.0
340,10,0.0
340,11,0.0
340,12,0.0
341,1,0.0
341,2,0.0
341,3,0.0
341,4,0.0
341,5,0.0
341,6,0.0
341,7,0.0
341,8,0.0
341,9,0.0
341,10,0.0
341,11,0.0
341,12,0.0
342,1,0.0
342,2,0.0
342,3,0.0
342,4,0.0
342,5,0.0
342,6,0.0
342,7,0.0
342,8,0.0
342,9,0.0
342,10,0.0
342,11,0.0
342,12,0.0
343,1,0.0
343,2,0.0
343,3,0.0
343,4,0.0
343,5,0.0
343,6,0.0
343,7,0.0
343,8,0.0
343,9,0.0
343,10,0.0
343,11,0.0
343,12,0.0
344,1,0.0
344,2,0.0
344,3,0.0
344,4,0.0
344,5,0.0
344,6,0.0
344,7,0.0
344,8,0.0
344,9,0.0
344,10,0.0
344,11,0.0
344,12,0.0
345,1,0.0
345,2,0.0
345,3,0.0
345,4,0.0
345,5,0.0
345,6,0.0
345,7,0.0
345,8,0.0
345,9,0.0
345,10,0.0
345,11,0.0
345,12,0.0
346,1,0.0
346,2,0.0
346,3,0.0
346,4,0.0
346,5,0.0
346,6,0.0
346,7,0.0
346,8,0.0
346,9,0.0
346,10,0.0
346,11,0.0
346,12,0.0
347,1,0.0
347,2,0.0
347,3,0.0
347,4,0.0
347,5,0.0
347,6,0.0
347,7,0.0
347,8,0.0
347,9,0.0
347,10,0.0
347,11,0.0
347,12,0.0
348,1,0.0
348,2,0.0
348,3,0.0
348,4,0.0
348,5,0.0
348,6,0.0
348,7,0.0
348,8,0.0
348,9,0.0
348,10,0.0
348,11,0.0
348,12,0.0
349,1,0.0
349,2,0.0
349,3,0.0
349,4,0.0
349,5,0.0
349,6,0.0
349,7,0.0
349,8,0.0
349,9,0.0
349,10,0.0
349,11,0.0
349,12,0.0
350,1,0.0
350,2,0.0
350,3,0.0
350,4,0.0
350,5,0.0
350,6,0.0
350,7,0.0
350,8,0.0
350,9,0.0
350,10,0.0
350,11,0.0
350,12,0.0
351,1,0.0
351,2,0.0
351,3,0.0
351,4,0.0
351,5,0.0
351,6,0.0
351,7,0.0
351,8,0.0
351,9,0.0
351,10,0.0
351,11,0.0
351,12,0.0
352,1,0.0
352,2,0.0
352,3,0.0
352,4,0.0
352,5,0.0
352,6,0.0
352,7,0.0
352,8,0.0
352,9,0.0
352,10,0.0
352,11,0.0
352,12,0.0
353,1,0.0
353,2,0.0
353,3,0.0
353,4,0.0
353,5,0.0
353,6,0.0
353,7,0.0
353,8,0.0
353,9,0.0
353,10,0.0
353,11,0.0
353,12,0.0
354,1,0.0
354,2,0.0
354,3,0.0
354,4,0.0
354,5,0.0
354,6,0.0
354,7,0.0
354,8,0.0
354,9,0.0
354,10,0.0
354,11,0.0
354,12,0.0
355,1,0.0
355,2,0.0
355,3,0.0
355,4,0.0
355,5,0.0
355,6,0.0
355,7,0.0
355,8,0.0
355,9,0.0
355,10,0.0
355,11,0.0
355,12,0.0
356,1,0.0
356,2,0.0
356,3,0.0
356,4,0.0
356,5,0.0
356,6,0.0
356,7,0.0
356,8,0.0
356,9,0.0
356,10,0.0
356,11,0.0
356,12,0.0
357,1,0.0
357,2,0.0
357,3,0.0
357,4,0.0
357,5,0.0
357,6,0.0
357,7,0.0
357,8,0.0
357,9,0.0
357,10,0.0
357,11,0.0
357,12,0.0
358,1,0.0
358,2,0.0
358,3,0.0
358,4,0.0
358,5,0.0
358,6,0.0
358,7,0.0
358,8,0.0
358,9,0.0
358,10,0.0
358,11,0.0
358,12,0.0
359,1,0.0
359,2,0.0
359,3,0.0
359,4,0.0
359,5,0.0
359,6,0.0
359,7,0.0
359,8,0.0
359,9,0.0
359,10,0.0
359,11,0.0
359,12,0.0
360,1,0.0
360,2,0.0
360,3,0.0
360,4,0.0
360,5,0.0
360,6,0.0
360,7,0.0
360,8,0.0
360,9,0.0
360,10,0.0
360,11,0.0
360,12,0.0
361,1,0.0
361,2,0.0
361,3,0.0
361,4,0.0
361,5,0.0
361,6,0.0
361,7,0.0
361,8,0.0
361,9,0.0
361,10,0.0
361,11,0.0
361,12,0.0
362,1,0.0
362,2,0.0
362,3,0.0
362,4,0.0
362,5,0.0
362,6,0.0
362,7,0.0
362,8,0.0
362,9,0.0
362,10,0.0
362,11,0.0
362,12,0.0
363,1,0.0
363,2,0.0
363,3,0.0
363,4,0.0
363,5,0.0
363,6,0.0
363,7,0.0
363,8,0.0
363,9,0.0
363,10,0.0
363,11,0.0
363,12,0.0
364,1,0.0
364,2,0.0
364,3,0.0
364,4,0.0
364,5,0.0
364,6,0.0
364,7,0.0
364,8,0.0
364,9,0.0
364,10,0.0
364,11,0.0
364,12,0.0
365,1,0.0
365,2,0.0
365,3,0.0
365,4,0.0
365,5,0.0
365,6,0.0
365,7,0.0
365,8,0.0
365,9,0.0
365,10,0.0
365,11,0.0
365,12,0.0
366,1,0.0
366,2,0.0
366,3,0.0
366,4,0.0
366,5,0.0
366,6,0.0
366,7,0.0
366,8,0.0
366,9,0.0
366,10,0.0
366,11,0.0
366,12,0.0
367,1,0.0
367,2,0.0
367,3,0.0
367,4,0.0
367,5,0.0
367,6,0.0
367,7,0.0
367,8,0.0
367,9,0.0
367,10,0.0
367,11,0.0
367,12,0.0
368,1,0.0
368,2,0.0
368,3,0.0
368,4,0.0
368,5,0.0
368,6,0.0
368,7,0.0
368,8,0.0
368,9,0.0
368,10,0.0
368,11,0.0
368,12,0.0
369,1,0.0
369,2,0.0
369,3,0.0
369,4,0.0
369,5,0.0
369,6,0.0
369,7,0.0
369,8,0.0
369,9,0.0
369,10,0.0
369,11,0.0
369,12,0.0
370,1,0.0
370,2,0.0
370,3,0.0
370,4,0.0
370,5,0.0
370,6,0.0
370,7,0.0
370,8,0.0
370,9,0.0
370,10,0.0
370,11,0.0
370,12,0.0
371,1,0.0
371,2,0.0
371,3,0.0
371,4,0.0
371,5,0.0
371,6,0.0
371,7,0.0
371,8,0.0
371,9,0.0
371,10,0.0
371,11,0.0
371,12,0.0
372,1,0.0
372,2,0.0
372,3,0.0
372,4,0.0
372,5,0.0
372,6,0.0
372,7,0.0
372,8,0.0
372,9,0.0
372,10,0.0
372,11,0.0
372,12,0.0
373,1,0.0
373,2,0.0
373,3,0.0
373,4,0.0
373,5,0.0
373,6,0.0
373,7,0.0
373,8,0.0
373,9,0.0
373,10,0.0
373,11,0.0
373,12,0.0
374,1,0.0
374,2,0.0
374,3,0.0
374,4,0.0
374,5,0.0
374,6,0.0
374,7,0.0
374,8,0.0
374,9,0.0
374,10,0.0
374,11,0.0
374,12,0.0
375,1,0.0
375,2,0.0
375,3,0.0
375,4,0.0
375,5,0.0
375,6,0.0
375,7,0.0
375,8,0.0
375,9,0.0
375,10,0.0
375,11,0.0
375,12,0.0
376,1,0.0
376,2,0.0
376,3,0.0
376,4,0.0
376,5,0.0
376,6,0.0
376,7,0.0
376,8,0.0
376,9,0.0
376,10,0.0
376,11,0.0
376,12,0.0
377,1,0.0
377,2,0.0
377,3,0.0
377,4,0.0
377,5,0.0
377,6,0.0
377,7,0.0
377,8,0.0
377,9,0.0
377,10,0.0
377,11,0.0
377,12,0.0
378,1,0.0
378,2,0.0
378,3,0.0
378,4,0.0
378,5,0.0
378,6,0.0
378,7,0.0
378,8,0.0
378,9,0.0
378,10,0.0
378,11,0.0
378,12,0.0
379,1,0.0
379,2,0.0
379,3,0.0
379,4,0.0
379,5,0.0
379,6,0.0
379,7,0.0
379,8,0.0
379,9,0.0
379,10,0.0
379,11,0.0
379,12,0.0
380,1,0.0
380,2,0.0
380,3,0.0
380,4,0.0
380,5,0.0
380,6,0.0
380,7,0.0
380,8,0.0
380,9,0.0
380,10,0.0
380,11,0.0
380,12,0.0
381,1,0.0
381,2,0.0
381,3,0.0
381,4,0.0
381,5,0.0
381,6,0.0
381,7,0.0
381,8,0.0
381,9,0.0
381,10,0.0
381,11,0.0
381,12,0.0
382,1,0.0
382,2,0.0
382,3,0.0
382,4,0.0
382,5,0.0
382,6,0.0
382,7,0.0
382,8,0.0
382,9,0.0
382,10,0.0
382,11,0.0
382,12,0.0
383,1,0.0
383,2,0.0
383,3,0.0
383,4,0.0
383,5,0.0
383,6,0.0
383,7,0.0
383,8,0.0
383,9,0.0
383,10,0.0
383,11,0.0
383,12,0.0
384,1,0.0
384,2,0.0
384,3,0.0
384,4,0.0
384,5,0.0
384,6,0.0
384,7,0.0
384,8,0.0
384,9,0.0
384,10,0.0
384,11,0.0
384,12,0.0
385,1,0.0
385,2,0.0
385,3,0.0
385,4,0.0
385,5,0.0
385,6,0.0
385,7,0.0
385,8,0.0
385,9,0.0
385,10,0.0
385,11,0.0
385,12,0.0
386,1,0.0
386,2,0.0
386,3,0.0
386,4,0.0
386,5,0.0
386,6,0.0
386,7,0.0
386,8,0.0
386,9,0.0
386,10,0.0
386,11,0.0
386,12,0.0
387,1,0.0
387,2,0.0
387,3,0.0
387,4,0.0
387,5,0.0
387,6,0.0
387,7,0.0
387,8,0.0
387,9,0.0
387,10,0.0
387,11,0.0
387,12,0.0
388,1,0.0
388,2,0.0
388,3,0.0
388,4,0.0
388,5,0.0
388,6,0.0
388,7,0.0
388,8,0.0
388,9,0.0
388,10,0.0
388,11,0.0
388,12,0.0
389,1,0.0
389,2,0.0
389,3,0.0
389,4,0.0
389,5,0.0
389,6,0.0
389,7,0.0
389,8,0.0
389,9,0.0
389,10,0.0
389,11,0.0
389,12,0.0
390,1,0.0
390,2,0.0
390,3,0.0
390,4,0.0
390,5,0.0
390,6,0.0
390,7,0.0
390,8,0.0
390,9,0.0
390,10,0.0
390,11,0.0
390,12,0.0
391,1,0.0
391,2,0.0
391,3,0.0
391,4,0.0
391,5,0.0
391,6,0.0
391,7,0.0
391,8,0.0
391,9,0.0
391,10,0.0
391,11,0.0
391,12,0.0
392,1,0.0
392,2,0.0
392,3,0.0
392,4,0.0
392,5,0.0
392,6,0.0
392,7,0.0
392,8,0.0
392,9,0.0
392,10,0.0
392,11,0.0
392,12,0.0
393,1,0.0
393,2,0.0
393,3,0.0
393,4,0.0
393,5,0.0
393,6,0.0
393,7,0.0
393,8,0.0
393,9,0.0
393,10,0.0
393,11,0.0
393,12,0.0
394,1,0.0
394,2,0.0
394,3,0.0
394,4,0.0
394,5,0.0
394,6,0.0
394,7,0.0
394,8,0.0
394,9,0.0
394,10,0.0
394,11,0.0
394,12,0.0
395,1,0.0
395,2,0.0
395,3,0.0
395,4,0.0
395,5,0.0
395,6,0.0
395,7,0.0
395,8,0.0
395,9,0.0
395,10,0.0
395,11,0.0
395,12,0.0
396,1,0.0
396,2,0.0
396,3,0.0
396,4,0.0
396,5,0.0
396,6,0.0
396,7,0.0
396,8,0.0
396,9,0.0
396,10,0.0
396,11,0.0
396,12,0.0
397,1,-0.30652786409166455
397,2,-5.990161057838014
397,3,-18.410415975916194
397,4,-10.46823430145609
397,5,-18.5792426700038
397,6,-11.396601243290096
397,7,-0.9776150817847284
397,8,-10.323859653925965
397,9,-14.27480558800266
397,10,-6.905646976914744
397,11,-8.178644229575685
397,12,-16.304160059515365
398,1,-0.2995375745732873
398,2,-1.3592248366302364
398,3,-5.9175152947545815
398,4,-2.2697596660299393
398,5,-14.423247788910462
398,6,-15.795281819516678
398,7,-10.998916203017288
398,8,-1.9548976183968207
398,9,-1.6780611033442288
398,10,-0.726102968849661
398,11,-18.297562968336603
398,12,-11.062529120950856
399,1,-0.3399921880457304
399,2,-14.81366504585181
399,3,0.0
399,4,0.0
399,5,0.0
399,6,0.0
399,7,0.0
399,8,0.0
399,9,0.0
399,10,0.0
399,11,0.0
399,12,0.0
400,1,0.0
400,2,0.0
400,3,0.0
400,4,0.0
400,5,0.0
400,6,0.0
400,7,0.0
400,8,0.0
400,9,0.0
400,10,0.0
400,11,0.0
400,12,0.0
401,1,0.0
401,2,0.0
401,3,0.0
401,4,0.0
401,5,0.0
401,6,0.0
401,7,0.0
401,8,0.0
401,9,0.0
401,10,0.0
401,11,0.0
401,12,0.0
402,1,0.0
402,2,0.0
402,3,0.0
402,4,0.0
402,5,0.0
402,6,0.0
402,7,0.0
402,8,0.0
402,9,0.0
402,10,0.0
402,11,0.0
402,12,0.0
403,1,0.0
403,2,0.0
403,3,0.0
403,4,0.0
403,5,0.0
403,6,0.0
403,7,0.0
403,8,0.0
403,9,0.0
403,10,0.0
403,11,0.0
403,12,0.0
404,1,0.0
404,2,0.0
404,3,0.0
404,4,0.0
404,5,0.0
404,6,0.0
404,7,0.0
404,8,0.0
404,9,0.0
404,10,0.0
404,11,0.0
404,12,0.0
405,1,0.0
405,2,0.0
405,3,0.0
405,4,0.0
405,5,0.0
405,6,0.0
405,7,0.0
405,8,0.0
405,9,0.0
405,10,0.0
405,11,0.0
405,12,0.0
406,1,0.0
406,2,0.0
406,3,0.0
406,4,0.0
406,5,0.0
406,6,0.0
406,7,0.0
406,8,0.0
406,9,0.0
406,10,0.0
406,11,0.0
406,12,0.0
407,1,0.0
407,2,0.0
407,3,0.0
407,4,0.0
407,5,0.0
407,6,0.0
407,7,0.0
407,8,0.0
407,9,0.0
407,10,0.0
407,11,0.0
407,12,0.0
408,1,0.0
408,2,0.0
408,3,0.0
408,4,0.0
408,5,0.0
408,6,0.0
408,7,0.0
408,8,0.0
408,9,0.0
408,10,0.0
408,11,0.0
408,12,0.0
409,1,0.0
409,2,0.0
409,3,0.0
409,4,0.0
409,5,0.0
409,6,0.0
409,7,0.0
409,8,0.0
409,9,0.0
409,10,0.0
409,11,0.0
409,12,0.0
410,1,0.0
410,2,0.0
410,3,0.0
410,4,0.0
410,5,0.0
410,6,0.0
410,7,0.0
410,8,0.0
410,9,0.0
410,10,0.0
410,11,0.0
410,12,0.0
411,1,0.0
411,2,0.0
411,3,0.0
411,4,0.0
411,5,0.0
411,6,0.0
411,7,0.0
411,8,0.0
411,9,0.0
411,10,0.0
411,11,0.0
411,12,0.0
412,1,0.0
412,2,0.0
412,3,0.0
412,4,0.0
412,5,0.0
412,6,0.0
412,7,0.0
412,8,0.0
412,9,0.0
412,10,0.0
412,11,0.0
412,12,0.0
413,1,-900.4160956406743
413,2,-9.016594454056312
413,3,-0.7787736629142259
413,4,-18.293902485025658
413,5,-0.8152897815919928
413,6,-11.952931767236525
413,7,-1.0510177408012806
413,8,-7.542944958720369
413,9,-12.901050374867317
413,10,-5.954839045746026
413,11,-0.3542327203379012
413,12,-2.249937973696711
414,1,-0.27571784741512534
414,2,-11.51536350574899
414,3,-0.35261098521472123
414,4,-8.119372219205205
414,5,-0.473483727710994
414,6,-3.552380081405569
414,7,-11.89115912762285
414,8,-7.787800386068522
414,9,-13.241140673574437
414,10,-1.1804157017322936
414,11,-11.699422461752237
414,12,-9.523844332839824
415,1,-105.93568681561146
415,2,0.0
415,3,0.0
415,4,0.0
415,5,-6.255717972635146
415,6,0.0
415,7,0.0
415,8,0.0
415,9,0.0
415,10,0.0
415,11,0.0
415,12,0.0
416,1,0.0
416,2,0.0
416,3,0.0
416,4,0.0
416,5,0.0
416,6,0.0
416,7,0.0
416,8,0.0
416,9,0.0
416,10,0.0
416,11,0.0
416,12,0.0
417,1,0.0
417,2,0.0
417,3,0.0
417,4,0.0
417,5,0.0
417,6,0.0
417,7,0.0
417,8,0.0
417,9,0.0
417,10,0.0
417,11,0.0
417,12,0.0
418,1,0.0
418,2,0.0
418,3,0.0
418,4,0.0
418,5,0.0
418,6,0.0
418,7,0.0
418,8,0.0
418,9,0.0
418,10,0.0
418,11,0.0
418,12,0.0
419,1,0.0
419,2,0.0
419,3,0.0
419,4,0.0
419,5,0.0
419,6,0.0
419,7,0.0
419,8,0.0
419,9,0.0
419,10,0.0
419,11,0.0
419,12,0.0
420,1,0.0
420,2,0.0
420,3,0.0
420,4,0.0
420,5,0.0
420,6,0.0
420,7,0.0
420,8,0.0
420,9,0.0
420,10,0.0
420,11,0.0
420,12,0.0
421,1,0.0
421,2,0.0
421,3,0.0
421,4,0.0
421,5,0.0
421,6,0.0
421,7,0.0
421,8,0.0
421,9,0.0
421,10,0.0
421,11,0.0
421,12,0.0
422,1,0.0
422,2,0.0
422,3,0.0
422,4,0.0
422,5,0.0
422,6,0.0
422,7,0.0
422,8,0.0
422,9,0.0
422,10,0.0
422,11,0.0
422,12,0.0
423,1,0.0
423,2,0.0
423,3,0.0
423,4,0.0
423,5,0.0
423,6,0.0
423,7,0.0
423,8,0.0
423,9,0.0
423,10,0.0
423,11,0.0
423,12,0.0
424,1,0.0
424,2,0.0
424,3,0.0
424,4,0.0
424,5,0.0
424,6,0.0
424,7,0.0
424,8,0.0
424,9,0.0
424,10,0.0
424,11,0.0
424,12,0.0
425,1,0.0
425,2,0.0
425,3,0.0
425,4,0.0
425,5,0.0
425,6,0.0
425,7,0.0
425,8,0.0
425,9,0.0
425,10,0.0
425,11,0.0
425,12,0.0
426,1,0.0
426,2,0.0
426,3,0.0
426,4,0.0
426,5,0.0
426,6,0.0
426,7,0.0
426,8,0.0
426,9,0.0
426,10,0.0
426,11,0.0
426,12,0.0
427,1,0.0
427,2,0.0
427,3,0.0
427,4,0.0
427,5,0.0
427,6,0.0
427,7,0.0
427,8,0.0
427,9,0.0
427,10,0.0
427,11,0.0
427,12,0.0
428,1,0.0
428,2,0.0
428,3,0.0
428,4,0.0
428,5,0.0
428,6,0.0
428,7,0.0
428,8,0.0
428,9,0.0
428,10,0.0
428,11,0.0
428,12,0.0
429,1,-0.8239026077045002
429,2,-14.362378547234314
429,3,-7.749368653152655
429,4,-1.7472184882033819
429,5,-6.002268915084865
429,6,-0.4989260378847784
429,7,-1.602877640345442
429,8,-0.42534892181164996
429,9,-3.9646903879746422
429,10,-1.4869957613999816
429,11,-15.740215042277166
429,12,-0.8264759502502201
430,1,-0.290439101823113
430,2,-17.51610688042763
430,3,-14.337080955521461
430,4,-6.062427731020973
430,5,-9.772280423394463
430,6,-5.484943245544152
430,7,-5.715576076757639
430,8,-11.606713720002839
430,9,-8.196965346962347
430,10,-7.70712306876871
430,11,-1.3799974147097256
430,12,-1.2084373840673832
431,1,-11.485806072148286
431,2,0.0
431,3,0.0
431,4,0.0
431,5,0.0
431,6,0.0
431,7,0.0
431,8,0.0
431,9,0.0
431,10,0.0
431,11,0.0
431,12,-12.151975706010973
432,1,0.0
432,2,0.0
432,3,0.0
432,4,0.0
432,5,0.0
432,6,0.0
432,7,0.0
432,8,0.0
432,9,0.0
432,10,0.0
432,11,0.0
432,12,0.0
433,1,0.0
433,2,0.0
433,3,0.0
433,4,0.0
433,5,0.0
433,6,0.0
433,7,0.0
433,8,0.0
433,9,0.0
433,10,0.0
433,11,0.0
433,12,0.0
434,1,0.0
434,2,0.0
434,3,0.0
434,4,0.0
434,5,0.0
434,6,0.0
434,7,0.0
434,8,0.0
434,9,0.0
434,10,0.0
434,11,0.0
434,12,0.0
435,1,0.0
435,2,0.0
435,3,0.0
435,4,0.0
435,5,0.0
435,6,0.0
435,7,0.0
435,8,0.0
435,9,0.0
435,10,0.0
435,11,0.0
435,12,0.0
436,1,0.0
436,2,0.0
436,3,0.0
436,4,0.0
436,5,0.0
436,6,0.0
436,7,0.0
436,8,0.0
436,9,0.0
436,10,0.0
436,11,0.0
436,12,0.0
437,1,0.0
437,2,0.0
437,3,0.0
437,4,0.0
437,5,0.0
437,6,0.0
437,7,0.0
437,8,0.0
437,9,0.0
437,10,0.0
437,11,0.0
437,12,0.0
438,1,0.0
438,2,0.0
438,3,0.0
438,4,0.0
438,5,0.0
438,6,0.0
438,7,0.0
438,8,0.0
438,9,0.0
438,10,0.0
438,11,0.0
438,12,0.0
439,1,0.0
439,2,0.0
439,3,0.0
439,4,0.0
439,5,0.0
439,6,0.0
439,7,0.0
439,8,0.0
439,9,0.0
439,10,0.0
439,11,0.0
439,12,0.0
440,1,0.0
440,2,0.0
440,3,0.0
440,4,0.0
440,5,0.0
440,6,0.0
440,7,0.0
440,8,0.0
440,9,0.0
440,10,0.0
440,11,0.0
440,12,0.0
441,1,0.0
441,2,0.0
441,3,0.0
441,4,0.0
441,5,0.0
441,6,0.0
441,7,0.0
441,8,0.0
441,9,0.0
441,10,0.0
441,11,0.0
441,12,0.0
442,1,0.0
442,2,0.0
442,3,0.0
442,4,0.0
442,5,0.0
442,6,0.0
442,7,0.0
442,8,0.0
442,9,0.0
442,10,0.0
442,11,0.0
442,12,0.0
443,1,0.0
443,2,0.0
443,3,0.0
443,4,0.0
443,5,0.0
443,6,0.0
443,7,0.0
443,8,0.0
443,9,0.0
443,10,0.0
443,11,0.0
443,12,0.0
444,1,0.0
444,2,0.0
444,3,0.0
444,4,0.0
444,5,0.0
444,6,0.0
444,7,0.0
444,8,0.0
444,9,0.0
444,10,0.0
444,11,0.0
444,12,0.0
445,1,-0.31357494244527057
445,2,-0.3276409974772768
445,3,-0.29778938104121655
445,4,-0.5935705974955261
445,5,-0.5735902383605114
445,6,-17.005938627673313
445,7,-18.70734248159441
445,8,-16.411050178458815
445,9,-18.435618477811612
445,10,-16.28788290130443
445,11,-13.240886983251308
445,12,-15.860740280109347
446,1,-0.2428727949549775
446,2,-2.0046483963862656
446,3,-1.3085021972111843
446,4,-14.576014168378176
446,5,-11.33775593850685
446,6,-1.8679323806332313
446,7,-14.93199308496689
446,8,-17.76365152495138
446,9,-1.8985157423728776
446,10,-1.365926496135593
446,11,-9.191834293317868
446,12,-0.45639958139800485
447,1,-0.4811519045181323
447,2,-12.851860027778827
447,3,-15.7809000342072
447,4,-8.496139397408168
447,5,-5.9149739340509235
447,6,0.0
447,7,-8.88784288582648
447,8,-7.347028437065514
447,9,-9.605456760949606
447,10,-11.171716214765148
447,11,-15.863358666935458
447,12,-12.54899806344911
448,1,-18.19816326254669
448,2,0.0
448,3,0.0
448,4,-16.167714197842738
448,5,0.0
448,6,0.0
448,7,0.0
448,8,0.0
448,9,0.0
448,10,0.0
448,11,-18.273079236246467
448,12,-16.849528438036756
449,1,0.0
449,2,0.0
449,3,0.0
449,4,0.0
449,5,0.0
449,6,0.0
449,7,0.0
449,8,0.0
449,9,0.0
449,10,0.0
449,11,0.0
449,12,0.0
450,1,0.0
450,2,0.0
450,3,0.0
450,4,0.0
450,5,0.0
450,6,0.0
450,7,0.0
450,8,0.0
450,9,0.0
450,10,0.0
450,11,0.0
450,12,0.0
451,1,0.0
451,2,0.0
451,3,0.0
451,4,0.0
451,5,0.0
451,6,0.0
451,7,0.0
451,8,0.0
451,9,0.0
451,10,0.0
451,11,0.0
451,12,0.0
452,1,0.0
452,2,0.0
452,3,0.0
452,4,0.0
452,5,0.0
452,6,0.0
452,7,0.0
452,8,0.0
452,9,0.0
452,10,0.0
452,11,0.0
452,12,0.0
453,1,0.0
453,2,0.0
453,3,0.0
453,4,0.0
453,5,0.0
453,6,0.0
453,7,0.0
453,8,0.0
453,9,0.0
453,10,0.0
453,11,0.0
453,12,0.0
454,1,0.0
454,2,0.0
454,3,0.0
454,4,0.0
454,5,0.0
454,6,0.0
454,7,0.0
454,8,0.0
454,9,0.0
454,10,0.0
454,11,0.0
454,12,0.0
455,1,0.0
455,2,0.0
455,3,0.0
455,4,0.0
455,5,0.0
455,6,0.0
455,7,0.0
455,8,0.0
455,9,0.0
455,10,0.0
455,11,0.0
455,12,0.0
456,1,0.0
456,2,0.0
456,3,0.0
456,4,0.0
456,5,0.0
456,6,0.0
456,7,0.0
456,8,0.0
456,9,0.0
456,10,0.0
456,11,0.0
456,12,0.0
457,1,0.0
457,2,0.0
457,3,0.0
457,4,0.0
457,5,0.0
457,6,0.0
457,7,0.0
457,8,0.0
457,9,0.0
457,10,0.0
457,11,0.0
457,12,0.0
458,1,0.0
458,2,0.0
458,3,0.0
458,4,0.0
458,5,0.0
458,6,0.0
458,7,0.0
458,8,0.0
458,9,0.0
458,10,0.0
458,11,0.0
458,12,0.0
459,1,0.0
459,2,0.0
459,3,0.0
459,4,0.0
459,5,0.0
459,6,0.0
459,7,0.0
459,8,0.0
459,9,0.0
459,10,0.0
459,11,0.0
459,12,0.0
460,1,0.0
460,2,0.0
460,3,0.0
460,4,0.0
460,5,0.0
460,6,0.0
460,7,0.0
460,8,0.0
460,9,0.0
460,10,0.0
460,11,0.0
460,12,0.0
461,1,-15.499211787996245
461,2,-11.964671121504441
461,3,-9.740229535068833
461,4,-6.4267048714073605
461,5,-5.469972809515809
461,6,-10.346874492895228
461,7,-11.607605369390695
461,8,-19.596879222477092
461,9,-29.239031562451416
461,10,-11.278568707827075
461,11,-11.465580422276771
461,12,-15.75012891260381
462,1,-13.60151123007202
462,2,-16.12676472760466
462,3,-18.16750489251676
462,4,-11.168410851427854
462,5,-8.614123065121747
462,6,-20.16123998489817
462,7,-7.870325289150262
462,8,-12.53978768206501
462,9,-9.718248308843998
462,10,-11.88737384817058
462,11,-8.71414393136649
462,12,-3.4773074300692297
463,1,-11.696834513540331
463,2,0.0
463,3,0.0
463,4,0.0
463,5,0.0
463,6,0.0
463,7,0.0
463,8,0.0
463,9,0.0
463,10,-12.219943748477279
463,11,0.0
463,12,0.0
464,1,0.0
464,2,0.0
464,3,0.0
464,4,0.0
464,5,0.0
464,6,0.0
464,7,0.0
464,8,0.0
464,9,0.0
464,10,0.0
464,11,0.0
464,12,0.0
465,1,0.0
465,2,0.0
465,3,0.0
465,4,0.0
465,5,0.0
465,6,0.0
465,7,0.0
465,8,0.0
465,9,0.0
465,10,0.0
465,11,0.0
465,12,0.0
466,1,0.0
466,2,0.0
466,3,0.0
466,4,0.0
466,5,0.0
466,6,0.0
466,7,0.0
466,8,0.0
466,9,0.0
466,10,0.0
466,11,0.0
466,12,0.0
467,1,0.0
467,2,0.0
467,3,0.0
467,4,0.0
467,5,0.0
467,6,0.0
467,7,0.0
467,8,0.0
467,9,0.0
467,10,0.0
467,11,0.0
467,12,0.0
468,1,0.0
468,2,0.0
468,3,0.0
468,4,0.0
468,5,0.0
468,6,0.0
468,7,0.0
468,8,0.0
468,9,0.0
468,10,0.0
468,11,0.0
468,12,0.0
469,1,0.0
469,2,0.0
469,3,0.0
469,4,0.0
469,5,0.0
469,6,0.0
469,7,0.0
469,8,0.0
469,9,0.0
469,10,0.0
469,11,0.0
469,12,0.0
470,1,0.0
470,2,0.0
470,3,0.0
470,4,0.0
470,5,0.0
470,6,0.0
470,7,0.0
470,8,0.0
470,9,0.0
470,10,0.0
470,11,0.0
470,12,0.0
471,1,0.0
471,2,0.0
471,3,0.0
471,4,0.0
471,5,0.0
471,6,0.0
471,7,0.0
471,8,0.0
471,9,0.0
471,10,0.0
471,11,0.0
471,12,0.0
472,1,0.0
472,2,0.0
472,3,0.0
472,4,0.0
472,5,0.0
472,6,0.0
472,7,0.0
472,8,0.0
472,9,0.0
472,10,0.0
472,11,0.0
472,12,0.0
473,1,0.0
473,2,0.0
473,3,0.0
473,4,0.0
473,5,0.0
473,6,0.0
473,7,0.0
473,8,0.0
473,9,0.0
473,10,0.0
473,11,0.0
473,12,0.0
474,1,0.0
474,2,0.0
474,3,0.0
474,4,0.0
474,5,0.0
474,6,0.0
474,7,0.0
474,8,0.0
474,9,0.0
474,10,0.0
474,11,0.0
474,12,0.0
475,1,0.0
475,2,0.0
475,3,0.0
475,4,0.0
475,5,0.0
475,6,0.0
475,7,0.0
475,8,0.0
475,9,0.0
475,10,0.0
475,11,0.0
475,12,0.0
476,1,0.0
476,2,0.0
476,3,0.0
476,4,0.0
476,5,0.0
476,6,0.0
476,7,0.0
476,8,0.0
476,9,0.0
476,10,0.0
476,11,0.0
476,12,0.0
477,1,-17.042523552628545
477,2,-13.371209351680104
477,3,-10.923351934799635
477,4,-6.678238990583663
477,5,-8.728727992106526
477,6,-7.7837206462106305
477,7,-10.557490842921428
477,8,-8.19499912810312
477,9,-11.163589428478687
477,10,-12.514599432891709
477,11,-8.542902839636302
477,12,-13.002810926011065
478,1,-14.512171053970032
478,2,-23.14626105642042
478,3,-13.305938571191675
478,4,-14.199427023336066
478,5,-17.149322359340378
478,6,-14.497657824652872
478,7,-7.919794958981097
478,8,-24.46673584579341
478,9,-10.141824825585287
478,10,-8.450001155549234
478,11,-17.385484966091994
478,12,-23.411428809601198
479,1,-14.486313288872829
479,2,-14.089813522815406
479,3,0.0
479,4,0.0
479,5,0.0
479,6,0.0
479,7,0.0
479,8,-8.08696873919894
479,9,0.0
479,10,-20.65948898010259
479,11,0.0
479,12,0.0
480,1,0.0
480,2,0.0
480,3,0.0
480,4,0.0
480,5,0.0
480,6,0.0
480,7,0.0
480,8,0.0
480,9,0.0
480,10,0.0
480,11,0.0
480,12,0.0
481,1,0.0
481,2,0.0
481,3,0.0
481,4,0.0
481,5,0.0
481,6,0.0
481,7,0.0
481,8,0.0
481,9,0.0
481,10,0.0
481,11,0.0
481,12,0.0
482,1,0.0
482,2,0.0
482,3,0.0
482,4,0.0
482,5,0.0
482,6,0.0
482,7,0.0
482,8,0.0
482,9,0.0
482,10,0.0
482,11,0.0
482,12,0.0
483,1,0.0
483,2,0.0
483,3,0.0
483,4,0.0
483,5,0.0
483,6,0.0
483,7,0.0
483,8,0.0
483,9,0.0
483,10,0.0
483,11,0.0
483,12,0.0
484,1,0.0
484,2,0.0
484,3,0.0
484,4,0.0
484,5,0.0
484,6,0.0
484,7,0.0
484,8,0.0
484,9,0.0
484,10,0.0
484,11,0.0
484,12,0.0
485,1,0.0
485,2,0.0
485,3,0.0
485,4,0.0
485,5,0.0
485,6,0.0
485,7,0.0
485,8,0.0
485,9,0.0
485,10,0.0
485,11,0.0
485,12,0.0
486,1,0.0
486,2,0.0
486,3,0.0
486,4,0.0
486,5,0.0
486,6,0.0
486,7,0.0
486,8,0.0
486,9,0.0
486,10,0.0
486,11,0.0
486,12,0.0
487,1,0.0
487,2,0.0
487,3,0.0
487,4,0.0
487,5,0.0
487,6,0.0
487,7,0.0
487,8,0.0
487,9,0.0
487,10,0.0
487,11,0.0
487,12,0.0
488,1,0.0
488,2,0.0
488,3,0.0
488,4,0.0
488,5,0.0
488,6,0.0
488,7,0.0
488,8,0.0
488,9,0.0
488,10,0.0
488,11,0.0
488,12,0.0
489,1,0.0
489,2,0.0
489,3,0.0
489,4,0.0
489,5,0.0
489,6,0.0
489,7,0.0
489,8,0.0
489,9,0.0
489,10,0.0
489,11,0.0
489,12,0.0
490,1,0.0
490,2,0.0
490,3,0.0
490,4,0.0
490,5,0.0
490,6,0.0
490,7,0.0
490,8,0.0
490,9,0.0
490,10,0.0
490,11,0.0
490,12,0.0
491,1,0.0
491,2,0.0
491,3,0.0
491,4,0.0
491,5,0.0
491,6,0.0
491,7,0.0
491,8,0.0
491,9,0.0
491,10,0.0
491,11,0.0
491,12,0.0
492,1,0.0
492,2,0.0
492,3,0.0
492,4,0.0
492,5,0.0
492,6,0.0
492,7,0.0
492,8,0.0
492,9,0.0
492,10,0.0
492,11,0.0
492,12,0.0
493,1,-17.02840147392352
493,2,-9.838515010555117
493,3,-14.02682206030983
493,4,-6.623354943824878
493,5,-14.936910189344282
493,6,-23.329327341208263
493,7,-7.366640443410645
493,8,-13.098916474189856
493,9,-10.88829768277614
493,10,-22.155350458865257
493,11,-5.881834678131659
493,12,-11.574337175823246
494,1,-16.129058607000747
494,2,-10.18002506216879
494,3,-24.161418962199818
494,4,-16.884714176919775
494,5,-12.267978197822945
494,6,-9.959960750560494
494,7,-10.333446220384971
494,8,-8.793069046314056
494,9,-22.138321245947374
494,10,-11.808793300798484
494,11,-17.71478473398672
494,12,-7.525047395793159
495,1,-14.744100885648074
495,2,-10.065798626191308
495,3,-11.578774049903966
495,4,0.0
495,5,0.0
495,6,0.0
495,7,0.0
495,8,-6.303766661722592
495,9,0.0
495,10,-8.048613385948142
495,11,0.0
495,12,0.0
496,1,0.0
496,2,0.0
496,3,0.0
496,4,0.0
496,5,0.0
496,6,0.0
496,7,0.0
496,8,0.0
496,9,0.0
496,10,0.0
496,11,0.0
496,12,0.0
497,1,0.0
497,2,0.0
497,3,0.0
497,4,0.0
497,5,0.0
497,6,0.0
497,7,0.0
497,8,0.0
497,9,0.0
497,10,0.0
497,11,0.0
497,12,0.0
498,1,0.0
498,2,0.0
498,3,0.0
498,4,0.0
498,5,0.0
498,6,0.0
498,7,0.0
498,8,0.0
498,9,0.0
498,10,0.0
498,11,0.0
498,12,0.0
499,1,0.0
499,2,0.0
499,3,0.0
499,4,0.0
499,5,0.0
499,6,0.0
499,7,0.0
499,8,0.0
499,9,0.0
499,10,0.0
499,11,0.0
499,12,0.0
500,1,0.0
500,2,0.0
500,3,0.0
500,4,0.0
500,5,0.0
500,6,0.0
500,7,0.0
500,8,0.0
500,9,0.0
500,10,0.0
500,11,0.0
500,12,0.0
501,1,0.0
501,2,0.0
501,3,0.0
501,4,0.0
501,5,0.0
501,6,0.0
501,7,0.0
501,8,0.0
501,9,0.0
501,10,0.0
501,11,0.0
501,12,0.0
502,1,0.0
502,2,0.0
502,3,0.0
502,4,0.0
502,5,0.0
502,6,0.0
502,7,0.0
502,8,0.0
502,9,0.0
502,10,0.0
502,11,0.0
502,12,0.0
503,1,0.0
503,2,0.0
503,3,0.0
503,4,0.0
503,5,0.0
503,6,0.0
503,7,0.0
503,8,0.0
503,9,0.0
503,10,0.0
503,11,0.0
503,12,0.0
504,1,0.0
504,2,0.0
504,3,0.0
504,4,0.0
504,5,0.0
504,6,0.0
504,7,0.0
504,8,0.0
504,9,0.0
504,10,0.0
504,11,0.0
504,12,0.0
505,1,0.0
505,2,0.0
505,3,0.0
505,4,0.0
505,5,0.0
505,6,0.0
505,7,0.0
505,8,0.0
505,9,0.0
505,10,0.0
505,11,0.0
505,12,0.0
506,1,0.0
506,2,0.0
506,3,0.0
506,4,0.0
506,5,0.0
506,6,0.0
506,7,0.0
506,8,0.0
506,9,0.0
506,10,0.0
506,11,0.0
506,12,0.0
507,1,0.0
507,2,0.0
507,3,0.0
507,4,0.0
507,5,0.0
507,6,0.0
507,7,0.0
507,8,0.0
507,9,0.0
507,10,0.0
507,11,0.0
507,12,0.0
508,1,0.0
508,2,0.0
508,3,0.0
508,4,0.0
508,5,0.0
508,6,0.0
508,7,0.0
508,8,0.0
508,9,0.0
508,10,0.0
508,11,0.0
508,12,0.0
509,1,-14.497552399577984
509,2,-13.726611286011382
509,3,-3.936555439298388
509,4,-8.839458965830493
509,5,-10.324666696017438
509,6,-13.8171905423545
509,7,-9.920679643562657
509,8,-12.160328816340257
509,9,-9.6436670220035
509,10,-14.81125899018339
509,11,-18.961471480202334
509,12,-10.597744877200617
510,1,-16.399990481645023
510,2,-7.512995432408034
510,3,-11.357522013890437
510,4,-10.209499906307826
510,5,-13.26425401946814
510,6,-12.965213009470535
510,7,-9.337759946997105
510,8,-11.783074914402512
510,9,-2.876304931628079
510,10,-20.00203695674196
510,11,-9.224748001639181
510,12,-11.539131220000238
511,1,-6.6600728034487595
511,2,-7.792059709195918
511,3,-15.009506175014252
511,4,-16.88115818799259
511,5,-23.604344385978514
511,6,-20.616332179867207
511,7,-14.536252483494469
511,8,-8.378764131651712
511,9,-27.835157750662535
511,10,-23.813881267910432
511,11,-25.21257596372218
511,12,-16.538902403006908
512,1,-16.93517274547078
512,2,0.0
512,3,0.0
512,4,-11.024413608154463
512,5,0.0
512,6,0.0
512,7,0.0
512,8,0.0
512,9,-22.82942954833459
512,10,0.0
512,11,0.0
512,12,0.0
